datetime,activity_mean,activity_median,activity_std,activity_min,activity_max,observations,subject_id,label
2003-12-02 09:00:00,8.033333333333333,7.0,1.1927274919513255,7,12,60,control_16,control
2003-12-02 10:00:00,7.0,7.0,0.0,7,7,60,control_16,control
2003-12-02 11:00:00,27.433333333333334,7.0,78.24242350642132,5,424,60,control_16,control
2003-12-02 12:00:00,14.7,5.0,33.77256935262649,5,168,60,control_16,control
2003-12-02 13:00:00,34.78333333333333,7.0,67.13131368322952,5,304,60,control_16,control
2003-12-02 14:00:00,100.5,7.0,263.21638324158255,7,1475,60,control_16,control
2003-12-02 15:00:00,552.3333333333334,467.0,318.73641767893776,26,1782,60,control_16,control
2003-12-02 16:00:00,387.03333333333336,253.5,391.09221101183323,5,1430,60,control_16,control
2003-12-02 17:00:00,290.53333333333336,155.0,288.13435347024745,9,1010,60,control_16,control
2003-12-02 18:00:00,131.78333333333333,73.0,166.9851400743483,3,808,60,control_16,control
2003-12-02 19:00:00,282.26666666666665,202.0,293.8457376143549,3,1147,60,control_16,control
2003-12-02 20:00:00,393.1333333333333,266.0,345.0745665753638,3,1183,60,control_16,control
2003-12-02 21:00:00,239.55,152.0,247.33230408514734,5,1261,60,control_16,control
2003-12-02 22:00:00,203.33333333333334,62.0,304.4058211578784,3,1342,60,control_16,control
2003-12-02 23:00:00,240.08333333333334,144.5,256.7155183167406,3,1147,60,control_16,control
2003-12-03 00:00:00,13.1,3.0,29.282203769988328,0,147,60,control_16,control
2003-12-03 01:00:00,16.266666666666666,3.0,34.982255388845296,0,216,60,control_16,control
2003-12-03 02:00:00,11.266666666666667,3.0,42.05922646784469,0,249,60,control_16,control
2003-12-03 03:00:00,11.866666666666667,3.0,28.798815104313395,0,137,60,control_16,control
2003-12-03 04:00:00,5.816666666666666,3.0,19.323728863113903,0,147,60,control_16,control
2003-12-03 05:00:00,18.85,5.0,70.51789651438534,3,533,60,control_16,control
2003-12-03 06:00:00,389.55,354.0,322.99060305373735,0,1301,60,control_16,control
2003-12-03 07:00:00,434.65,360.0,246.73328940719557,47,1221,60,control_16,control
2003-12-03 08:00:00,222.81666666666666,121.0,286.3012217019386,0,1342,60,control_16,control
2003-12-03 09:00:00,377.81666666666666,236.0,399.18457103376676,3,1726,60,control_16,control
2003-12-03 10:00:00,194.15,152.0,195.15928522663094,3,1076,60,control_16,control
2003-12-03 11:00:00,247.63333333333333,182.0,273.38300981680845,3,1571,60,control_16,control
2003-12-03 12:00:00,299.01666666666665,223.0,287.61476657988584,3,1522,60,control_16,control
2003-12-03 13:00:00,452.8333333333333,309.5,422.0130999118097,3,1958,60,control_16,control
2003-12-03 14:00:00,481.3666666666667,249.0,696.4176850787144,3,3648,60,control_16,control
2003-12-03 15:00:00,481.56666666666666,438.0,331.4777578583551,3,1386,60,control_16,control
2003-12-03 16:00:00,479.95,506.5,321.378726105541,0,1475,60,control_16,control
2003-12-03 17:00:00,403.78333333333336,336.0,261.97251063362285,50,1043,60,control_16,control
2003-12-03 18:00:00,387.4166666666667,314.5,328.4492733151392,3,1183,60,control_16,control
2003-12-03 19:00:00,179.0,28.5,341.445680222159,3,2084,60,control_16,control
2003-12-03 20:00:00,140.91666666666666,88.0,172.31035182087223,3,834,60,control_16,control
2003-12-03 21:00:00,185.96666666666667,96.5,221.56874945367022,3,1147,60,control_16,control
2003-12-03 22:00:00,333.5,253.5,317.91351025082275,3,1386,60,control_16,control
2003-12-03 23:00:00,70.6,3.0,125.82638024715523,3,550,60,control_16,control
2003-12-04 00:00:00,28.533333333333335,3.0,65.99806537140586,0,325,60,control_16,control
2003-12-04 01:00:00,8.566666666666666,3.0,24.171258087119178,0,168,60,control_16,control
2003-12-04 02:00:00,22.316666666666666,3.0,73.50948092124399,0,438,60,control_16,control
2003-12-04 03:00:00,9.616666666666667,5.0,23.261295172611185,3,152,60,control_16,control
2003-12-04 04:00:00,18.85,5.0,57.603503012594935,3,372,60,control_16,control
2003-12-04 05:00:00,56.96666666666667,0.0,107.79169595805664,0,284,60,control_16,control
2003-12-04 06:00:00,373.65,289.0,261.1409013137985,3,1430,60,control_16,control
2003-12-04 07:00:00,353.53333333333336,330.5,291.9596249464471,3,1110,60,control_16,control
2003-12-04 08:00:00,246.23333333333332,209.0,215.13467336442034,0,834,60,control_16,control
2003-12-04 09:00:00,359.71666666666664,240.0,303.25220759695947,0,1342,60,control_16,control
2003-12-04 10:00:00,357.4166666666667,192.0,385.60985340049086,3,1430,60,control_16,control
2003-12-04 11:00:00,341.55,232.0,314.57722099049334,3,1522,60,control_16,control
2003-12-04 12:00:00,283.51666666666665,121.0,382.26415091327397,0,1839,60,control_16,control
2003-12-04 13:00:00,388.3833333333333,330.5,332.30836667916105,3,1386,60,control_16,control
2003-12-04 14:00:00,479.7,311.5,463.0973943029365,3,1839,60,control_16,control
2003-12-04 15:00:00,471.0833333333333,403.0,237.03330894206113,83,1301,60,control_16,control
2003-12-04 16:00:00,480.95,390.0,368.4337635662524,36,1673,60,control_16,control
2003-12-04 17:00:00,505.53333333333336,438.0,311.32426098880563,3,1183,60,control_16,control
2003-12-04 18:00:00,354.7,294.0,360.72428552773033,0,1342,60,control_16,control
2003-12-04 19:00:00,366.45,314.5,277.5376245679988,10,1301,60,control_16,control
2003-12-04 20:00:00,277.55,209.0,241.64951682767926,0,1221,60,control_16,control
2003-12-04 21:00:00,342.3,299.0,250.60816197294457,69,1839,60,control_16,control
2003-12-04 22:00:00,320.1666666666667,202.0,320.13594393455736,0,1301,60,control_16,control
2003-12-04 23:00:00,89.56666666666666,1.5,207.44240504879753,0,948,60,control_16,control
2003-12-05 00:00:00,11.633333333333333,0.0,38.31137666439179,0,249,60,control_16,control
2003-12-05 01:00:00,15.883333333333333,3.0,51.312631565649525,0,336,60,control_16,control
2003-12-05 02:00:00,14.283333333333333,0.0,55.63808342928084,0,348,60,control_16,control
2003-12-05 03:00:00,13.2,5.0,25.23637407139121,3,116,60,control_16,control
2003-12-05 04:00:00,15.816666666666666,3.0,41.78942030846461,3,258,60,control_16,control
2003-12-05 05:00:00,66.76666666666667,0.0,183.3112909193841,0,889,60,control_16,control
2003-12-05 06:00:00,405.4166666666667,249.0,427.0115820946053,3,2020,60,control_16,control
2003-12-05 07:00:00,489.48333333333335,424.0,385.33799786534166,0,1673,60,control_16,control
2003-12-05 08:00:00,443.81666666666666,354.0,375.5372419035124,9,1571,60,control_16,control
2003-12-05 09:00:00,266.71666666666664,69.0,401.5681587952313,0,1839,60,control_16,control
2003-12-05 10:00:00,352.15,275.0,364.4330551622826,3,1673,60,control_16,control
2003-12-05 11:00:00,535.8833333333333,423.5,445.43663939724826,3,1571,60,control_16,control
2003-12-05 12:00:00,375.06666666666666,337.5,321.7338549893804,3,1621,60,control_16,control
2003-12-05 13:00:00,412.25,384.0,394.79437363978116,3,1782,60,control_16,control
2003-12-05 14:00:00,456.5833333333333,424.0,362.68047718490925,0,1386,60,control_16,control
2003-12-05 15:00:00,412.3833333333333,384.0,280.1699297712418,0,1342,60,control_16,control
2003-12-05 16:00:00,411.31666666666666,366.0,269.43666855419275,76,1221,60,control_16,control
2003-12-05 17:00:00,514.7166666666667,314.5,593.8804619680164,0,2593,60,control_16,control
2003-12-05 18:00:00,148.95,3.0,278.9569813745968,0,1430,60,control_16,control
2003-12-05 19:00:00,238.4,163.0,254.76490991114517,0,1261,60,control_16,control
2003-12-05 20:00:00,222.35,121.0,259.32721460982094,0,1076,60,control_16,control
2003-12-05 21:00:00,468.8666666666667,157.5,609.3755755610782,0,2759,60,control_16,control
2003-12-05 22:00:00,153.45,90.0,206.53595123499048,0,918,60,control_16,control
2003-12-05 23:00:00,174.26666666666668,111.0,190.65861466147487,0,834,60,control_16,control
2003-12-06 00:00:00,214.05,111.0,309.5048218457391,0,1522,60,control_16,control
2003-12-06 01:00:00,22.25,3.0,60.24684392887175,0,275,60,control_16,control
2003-12-06 02:00:00,9.65,0.0,31.488402492432417,0,216,60,control_16,control
2003-12-06 03:00:00,15.866666666666667,0.0,72.33618937838312,0,533,60,control_16,control
2003-12-06 04:00:00,12.5,3.0,40.11867987080671,0,216,60,control_16,control
2003-12-06 05:00:00,10.95,0.0,30.915645208277112,0,195,60,control_16,control
2003-12-06 06:00:00,8.133333333333333,0.0,24.681336300571754,0,131,60,control_16,control
2003-12-06 07:00:00,14.1,0.0,53.91855125549578,0,304,60,control_16,control
2003-12-06 08:00:00,131.66666666666666,0.0,247.33471910921878,0,1183,60,control_16,control
2003-12-06 09:00:00,132.05,3.0,225.78243802836812,0,782,60,control_16,control
2003-12-06 10:00:00,591.9666666666667,550.0,438.3540851352959,0,1782,60,control_16,control
2003-12-06 11:00:00,868.7833333333333,875.0,438.3795310878874,93,1673,60,control_16,control
2003-12-06 12:00:00,943.2666666666667,979.0,553.8328961303744,142,2593,60,control_16,control
2003-12-06 13:00:00,1251.0166666666667,1241.0,498.5944478695363,131,2593,60,control_16,control
2003-12-06 14:00:00,731.0333333333333,722.0,483.0459839382479,9,2218,60,control_16,control
2003-12-06 15:00:00,712.6333333333333,677.0,368.38414763123114,10,1673,60,control_16,control
2003-12-06 16:00:00,245.71666666666667,332.0,193.68243199442955,0,1043,60,control_16,control
2003-12-06 17:00:00,321.0,182.0,310.7369043561024,10,1110,60,control_16,control
2003-12-06 18:00:00,672.3333333333334,634.5,416.90813793955374,35,1475,60,control_16,control
2003-12-06 19:00:00,287.53333333333336,309.5,195.08515886412158,0,834,60,control_16,control
2003-12-06 20:00:00,196.86666666666667,147.0,176.8854332532081,0,711,60,control_16,control
2003-12-06 21:00:00,219.16666666666666,81.0,308.28498628438194,0,1301,60,control_16,control
2003-12-06 22:00:00,146.5,109.0,129.9936765085263,3,533,60,control_16,control
2003-12-06 23:00:00,201.36666666666667,104.0,233.32925500874904,0,948,60,control_16,control
2003-12-07 00:00:00,199.75,128.5,255.04041720241062,0,1147,60,control_16,control
2003-12-07 01:00:00,10.9,0.0,48.682193173719995,0,360,60,control_16,control
2003-12-07 02:00:00,19.25,3.0,65.44932701548322,0,348,60,control_16,control
2003-12-07 03:00:00,5.416666666666667,0.0,17.241349259666,0,86,60,control_16,control
2003-12-07 04:00:00,29.75,0.0,94.31746337929728,0,483,60,control_16,control
2003-12-07 05:00:00,8.966666666666667,0.0,29.288724426493438,0,175,60,control_16,control
2003-12-07 06:00:00,5.883333333333334,0.0,19.59340226783951,0,104,60,control_16,control
2003-12-07 07:00:00,17.7,3.0,46.506168717854614,0,258,60,control_16,control
2003-12-07 08:00:00,23.883333333333333,0.0,66.80228648950565,0,424,60,control_16,control
2003-12-07 09:00:00,103.35,0.0,226.2169219194529,0,1183,60,control_16,control
2003-12-07 10:00:00,483.1,403.0,400.32697229360247,3,1621,60,control_16,control
2003-12-07 11:00:00,316.1166666666667,232.0,245.39902419008584,5,808,60,control_16,control
2003-12-07 12:00:00,532.0666666666667,558.5,360.0698551183809,3,1342,60,control_16,control
2003-12-07 13:00:00,419.55,342.0,357.7047084881275,9,1261,60,control_16,control
2003-12-07 14:00:00,579.35,532.5,357.807960281319,28,1475,60,control_16,control
2003-12-07 15:00:00,888.6333333333333,175.0,1763.0141848037435,0,8000,60,control_16,control
2003-12-07 16:00:00,543.9333333333333,467.0,420.53323158824975,35,2361,60,control_16,control
2003-12-07 17:00:00,270.55,227.5,171.93183759752299,9,733,60,control_16,control
2003-12-07 18:00:00,250.13333333333333,205.5,210.25653956388263,3,948,60,control_16,control
2003-12-07 19:00:00,131.98333333333332,102.0,114.30801262996584,3,586,60,control_16,control
2003-12-07 20:00:00,262.53333333333336,144.0,333.9229316680501,0,1522,60,control_16,control
2003-12-07 21:00:00,448.8,248.0,449.86362528652194,7,1621,60,control_16,control
2003-12-07 22:00:00,90.2,33.0,136.8102484019257,0,624,60,control_16,control
2003-12-07 23:00:00,300.3833333333333,257.5,280.0259123401277,3,1475,60,control_16,control
2003-12-08 00:00:00,73.81666666666666,0.0,158.84418243607576,0,979,60,control_16,control
2003-12-08 01:00:00,14.4,0.0,50.13513940730422,0,284,60,control_16,control
2003-12-08 02:00:00,19.283333333333335,0.0,108.76207771104134,0,834,60,control_16,control
2003-12-08 03:00:00,15.3,0.0,38.97469844199013,0,182,60,control_16,control
2003-12-08 04:00:00,13.833333333333334,0.0,42.30365078874986,0,223,60,control_16,control
2003-12-08 05:00:00,92.13333333333334,0.0,200.84233353019255,0,733,60,control_16,control
2003-12-08 06:00:00,394.3833333333333,336.0,245.90118531201327,3,1147,60,control_16,control
2003-12-08 07:00:00,413.45,390.0,211.68640261208907,3,1043,60,control_16,control
2003-12-08 08:00:00,343.46666666666664,220.5,360.8093288031955,0,1386,60,control_16,control
2003-12-08 09:00:00,228.0,178.5,202.9779148043084,3,979,60,control_16,control
2003-12-08 10:00:00,275.7,209.0,255.01520725675044,0,1522,60,control_16,control
2003-12-08 11:00:00,223.03333333333333,93.0,264.7448382471905,0,1010,60,control_16,control
2003-12-08 12:00:00,445.96666666666664,384.0,406.6985293621195,0,2084,60,control_16,control
2003-12-08 13:00:00,172.05,147.0,131.17337795736512,0,605,60,control_16,control
2003-12-08 14:00:00,313.1333333333333,249.0,248.94955357660052,21,1147,60,control_16,control
2003-12-08 15:00:00,489.8,396.0,349.40699400216243,0,1726,60,control_16,control
2003-12-08 16:00:00,472.31666666666666,431.0,268.2527578430378,59,1673,60,control_16,control
2003-12-08 17:00:00,403.51666666666665,279.5,377.0825783617625,3,1673,60,control_16,control
2003-12-08 18:00:00,239.06666666666666,182.0,213.92925067364052,0,948,60,control_16,control
2003-12-08 19:00:00,296.85,149.5,391.7920939927888,0,1898,60,control_16,control
2003-12-08 20:00:00,267.31666666666666,195.0,251.49272939362106,3,1147,60,control_16,control
2003-12-08 21:00:00,195.73333333333332,113.5,238.41602058178995,0,1043,60,control_16,control
2003-12-08 22:00:00,158.96666666666667,95.0,202.9197024680391,0,889,60,control_16,control
2003-12-08 23:00:00,213.56666666666666,56.5,314.0101135511869,0,1147,60,control_16,control
2003-12-09 00:00:00,14.483333333333333,0.0,42.29696934555961,0,275,60,control_16,control
2003-12-09 01:00:00,16.383333333333333,0.0,75.83279816040128,0,550,60,control_16,control
2003-12-09 02:00:00,16.15,3.0,29.475542863849757,0,147,60,control_16,control
2003-12-09 03:00:00,10.85,3.0,28.178501842746986,0,189,60,control_16,control
2003-12-09 04:00:00,14.766666666666667,3.0,35.64294052178563,0,195,60,control_16,control
2003-12-09 05:00:00,208.3,28.5,313.3057368542152,0,1076,60,control_16,control
2003-12-09 06:00:00,349.1333333333333,309.5,250.6974993058209,3,1261,60,control_16,control
2003-12-09 07:00:00,312.55,241.0,306.24972777573515,3,1110,60,control_16,control
2003-12-09 08:00:00,468.93333333333334,384.0,369.8835303020405,7,1571,60,control_16,control
2003-12-09 09:00:00,327.95,266.0,255.30808408001917,3,1043,60,control_16,control
2003-12-09 10:00:00,339.1,202.0,333.4918340676883,0,1342,60,control_16,control
2003-12-09 11:00:00,487.53333333333336,459.0,293.0163104540265,3,1475,60,control_16,control
2003-12-09 12:00:00,386.56666666666666,384.0,272.2918652604327,3,948,60,control_16,control
2003-12-09 13:00:00,395.2,336.0,339.45204099488524,3,1301,60,control_16,control
2003-12-09 14:00:00,306.3,240.0,270.98241233816293,3,1301,60,control_16,control
2003-12-09 15:00:00,357.21666666666664,320.0,265.5418567450635,0,1221,60,control_16,control
2003-12-09 16:00:00,306.6666666666667,223.0,281.9482863189491,9,1110,60,control_16,control
2003-12-09 17:00:00,129.03333333333333,13.0,205.91638640984937,3,1010,60,control_16,control
2003-12-09 18:00:00,295.56666666666666,168.0,355.8915930289736,0,1839,60,control_16,control
2003-12-09 19:00:00,223.3,93.5,311.3891945917111,3,1221,60,control_16,control
2003-12-09 20:00:00,171.41666666666666,105.5,207.21398844105514,0,948,60,control_16,control
2003-12-09 21:00:00,364.8833333333333,212.5,369.4260363424371,3,1475,60,control_16,control
2003-12-09 22:00:00,239.15,240.0,299.28376790065573,0,1726,60,control_16,control
2003-12-09 23:00:00,19.35,0.0,57.63233114511628,0,284,60,control_16,control
2003-12-10 00:00:00,4.416666666666667,0.0,21.259726919708186,0,131,60,control_16,control
2003-12-10 01:00:00,14.133333333333333,0.0,58.01328505556165,0,315,60,control_16,control
2003-12-10 02:00:00,19.45,0.0,62.68928624708925,0,384,60,control_16,control
2003-12-10 03:00:00,23.55,0.0,78.89306751353327,0,533,60,control_16,control
2003-12-10 04:00:00,11.433333333333334,0.0,35.606782188975,0,202,60,control_16,control
2003-12-10 05:00:00,300.6,152.0,369.8605417437538,0,1475,60,control_16,control
2003-12-10 06:00:00,461.6166666666667,372.0,290.0185903840676,131,1726,60,control_16,control
2003-12-10 07:00:00,270.76666666666665,192.0,339.5778219718438,0,1673,60,control_16,control
2003-12-10 08:00:00,226.33333333333334,123.5,312.09487185717745,0,1782,60,control_16,control
2003-12-10 09:00:00,154.66666666666666,95.0,174.42590254955252,0,948,60,control_16,control
2003-12-10 10:00:00,199.85,142.0,202.5012094544338,0,948,60,control_16,control
2003-12-10 11:00:00,280.35,223.0,317.5779538627658,0,1475,60,control_16,control
2003-12-10 12:00:00,449.31666666666666,424.0,291.80702304873495,0,1430,60,control_16,control
2003-12-10 13:00:00,252.46666666666667,139.5,254.04413513968416,3,1010,60,control_16,control
2003-12-10 14:00:00,231.85,147.0,240.64051710918565,3,1043,60,control_16,control
2003-12-10 15:00:00,400.6333333333333,354.0,250.0171496942619,59,1147,60,control_16,control
2003-12-10 16:00:00,499.53333333333336,467.0,237.03839828155907,157,1221,60,control_16,control
2003-12-10 17:00:00,545.7,372.0,534.3733316952845,0,2150,60,control_16,control
2003-12-10 18:00:00,152.01666666666668,116.0,136.11890261722476,0,467,60,control_16,control
2003-12-10 19:00:00,425.95,392.0,354.3728489905722,0,1221,60,control_16,control
2003-12-10 20:00:00,356.78333333333336,309.5,278.2928034701523,0,1673,60,control_16,control
2003-12-10 21:00:00,285.0,224.0,272.9693594278314,0,1342,60,control_16,control
2003-12-10 22:00:00,211.78333333333333,43.5,354.1349494604825,0,1673,60,control_16,control
2003-12-10 23:00:00,251.31666666666666,182.0,255.84870341580398,3,1301,60,control_16,control
2003-12-11 00:00:00,22.616666666666667,3.0,78.59272655065904,0,567,60,control_16,control
2003-12-11 01:00:00,7.1,0.0,18.13947843699211,0,76,60,control_16,control
2003-12-11 02:00:00,23.816666666666666,0.0,66.69624838041942,0,360,60,control_16,control
2003-12-11 03:00:00,4.733333333333333,0.0,20.40344492902489,0,116,60,control_16,control
2003-12-11 04:00:00,11.066666666666666,0.0,20.854513527370443,0,76,60,control_16,control
2003-12-11 05:00:00,211.03333333333333,6.5,336.81000864122785,0,1621,60,control_16,control
2003-12-11 06:00:00,289.93333333333334,154.5,328.0830747764997,3,1430,60,control_16,control
2003-12-11 07:00:00,862.45,666.0,741.0359085743484,0,2020,60,control_16,control
2003-12-11 08:00:00,175.46666666666667,123.5,171.29056161147685,0,733,60,control_16,control
2003-12-11 09:00:00,166.08333333333334,111.0,177.07130534093108,3,758,60,control_16,control
2003-12-11 10:00:00,187.86666666666667,142.0,161.63638483941295,5,889,60,control_16,control
2003-12-11 11:00:00,243.05,189.0,222.91310346167464,0,1147,60,control_16,control
2003-12-11 12:00:00,613.95,330.5,598.148199566017,3,2218,60,control_16,control
2003-12-11 13:00:00,628.3333333333334,550.0,405.2663767920947,47,1571,60,control_16,control
2003-12-11 14:00:00,648.65,678.0,353.6976984154785,90,1183,60,control_16,control
2003-12-11 15:00:00,329.55,202.5,362.47218128208107,0,1839,60,control_16,control
2003-12-11 16:00:00,394.5,249.0,343.24342797416756,0,1782,60,control_16,control
2003-12-11 17:00:00,275.76666666666665,209.0,234.7021456551713,3,861,60,control_16,control
2003-12-11 18:00:00,343.56666666666666,360.0,234.15324307584945,0,834,60,control_16,control
2003-12-11 19:00:00,247.46666666666667,168.0,227.16897814791608,0,948,60,control_16,control
2003-12-11 20:00:00,279.68333333333334,175.0,275.3737362799298,0,1110,60,control_16,control
2003-12-11 21:00:00,411.3,391.0,319.47585781841735,3,1673,60,control_16,control
2003-12-11 22:00:00,334.25,285.0,327.3503086546142,40,2288,60,control_16,control
2003-12-11 23:00:00,125.15,0.0,361.9361225128835,0,2593,60,control_16,control
2003-12-12 00:00:00,28.666666666666668,0.0,139.688839036669,0,979,60,control_16,control
2003-12-12 01:00:00,34.81666666666667,0.0,106.09964802361252,0,645,60,control_16,control
2003-12-12 02:00:00,3.7,0.0,13.800393018230572,0,66,60,control_16,control
2003-12-12 03:00:00,13.55,0.0,45.74928914887223,0,266,60,control_16,control
2003-12-12 04:00:00,65.01666666666667,0.0,203.44244941994955,0,1183,60,control_16,control
2003-12-12 05:00:00,10.5,0.0,49.19401231306131,0,360,60,control_16,control
2003-12-12 06:00:00,31.05,0.0,95.92571720002402,0,467,60,control_16,control
2003-12-12 07:00:00,6.283333333333333,0.0,20.621768707673166,0,107,60,control_16,control
2003-12-12 08:00:00,15.283333333333333,0.0,66.29111239013042,0,396,60,control_16,control
2003-12-12 09:00:00,158.85,3.0,294.26373648509514,0,1147,60,control_16,control
2003-12-12 10:00:00,277.0,202.0,239.11978418031555,0,1183,60,control_16,control
2003-12-12 11:00:00,228.93333333333334,105.5,248.5488641155042,0,834,60,control_16,control
2003-12-12 12:00:00,313.8666666666667,219.5,345.5567586465756,0,1621,60,control_16,control
2003-12-12 13:00:00,187.28333333333333,152.0,175.79071644629178,14,1261,60,control_16,control
2003-12-12 14:00:00,429.93333333333334,309.5,457.88681403080045,3,2288,60,control_16,control
2003-12-12 15:00:00,37.766666666666666,0.0,86.81782341936957,0,424,60,control_16,control
2003-12-12 16:00:00,241.65,147.0,268.4449143379295,0,1301,60,control_16,control
2003-12-12 17:00:00,262.25,128.5,292.69922231834283,3,1076,60,control_16,control
2003-12-12 18:00:00,249.68333333333334,182.0,268.52500383319205,0,1621,60,control_16,control
2003-12-12 19:00:00,428.4166666666667,336.5,334.6559726891142,14,1301,60,control_16,control
2003-12-12 20:00:00,442.1,541.0,294.5239019393151,0,918,60,control_16,control
2003-12-12 21:00:00,198.08333333333334,35.5,276.26763563105817,0,834,60,control_16,control
2003-12-12 22:00:00,362.4166666666667,205.5,345.66684713614,0,1386,60,control_16,control
2003-12-12 23:00:00,94.48333333333333,0.0,167.1699117022291,0,861,60,control_16,control
2003-12-13 00:00:00,28.316666666666666,0.0,79.89388972768323,0,410,60,control_16,control
2003-12-13 01:00:00,19.9,0.0,61.001166979668156,0,315,60,control_16,control
2003-12-13 02:00:00,21.55,0.0,59.985429021682044,0,372,60,control_16,control
2003-12-13 03:00:00,7.216666666666667,0.0,29.048814361677643,0,189,60,control_16,control
2003-12-13 04:00:00,15.433333333333334,0.0,53.0670719400815,0,258,60,control_16,control
2003-12-13 05:00:00,7.066666666666666,0.0,28.145425414290905,0,163,60,control_16,control
2003-12-13 06:00:00,24.216666666666665,0.0,81.25312857948796,0,451,60,control_16,control
2003-12-13 07:00:00,214.96666666666667,6.0,336.7104055047026,0,1301,60,control_16,control
2003-12-13 08:00:00,338.18333333333334,216.0,298.70190864135554,3,1522,60,control_16,control
2003-12-13 09:00:00,358.25,232.0,330.1956597667716,22,1261,60,control_16,control
2003-12-13 10:00:00,459.5,378.0,282.3011074265159,137,1571,60,control_16,control
2003-12-13 11:00:00,330.8833333333333,275.0,257.05338703333734,3,1475,60,control_16,control
2003-12-13 12:00:00,317.48333333333335,304.5,166.36140887111384,83,834,60,control_16,control
2003-12-13 13:00:00,319.73333333333335,224.0,235.87456208660575,3,948,60,control_16,control
2003-12-13 14:00:00,338.3666666666667,294.0,195.6638389000567,66,889,60,control_16,control
2003-12-13 15:00:00,375.56666666666666,289.0,262.35067531103897,16,1110,60,control_16,control
2003-12-13 16:00:00,383.78333333333336,378.0,210.92050809360214,3,808,60,control_16,control
2003-12-13 17:00:00,432.23333333333335,384.0,275.2791721123667,3,1183,60,control_16,control
2003-12-13 18:00:00,228.86666666666667,152.0,214.65624601861057,0,782,60,control_16,control
2003-12-13 19:00:00,535.5666666666667,499.0,283.3171766746063,97,1386,60,control_16,control
2003-12-13 20:00:00,260.6333333333333,175.0,242.89552519178298,0,918,60,control_16,control
2003-12-13 21:00:00,213.28333333333333,109.0,207.70269590692763,3,782,60,control_16,control
2003-12-13 22:00:00,320.15,195.0,319.52782033197315,0,1147,60,control_16,control
2003-12-13 23:00:00,38.15,0.0,98.86899824292406,0,605,60,control_16,control
2003-12-14 00:00:00,33.25,0.0,125.78534648292904,0,834,60,control_16,control
2003-12-14 01:00:00,9.666666666666666,0.0,24.848467310552895,0,121,60,control_16,control
2003-12-14 02:00:00,26.416666666666668,0.0,88.44059418934822,0,586,60,control_16,control
2003-12-14 03:00:00,30.666666666666668,0.0,74.02190849912684,0,424,60,control_16,control
2003-12-14 04:00:00,18.833333333333332,3.0,49.38543210254217,0,336,60,control_16,control
2003-12-14 05:00:00,33.15,0.0,100.69888407642502,0,498,60,control_16,control
2003-12-14 06:00:00,30.716666666666665,0.0,67.00419710270789,0,384,60,control_16,control
2003-12-14 07:00:00,40.916666666666664,0.0,161.12783551742723,0,1076,60,control_16,control
2003-12-14 08:00:00,108.51666666666667,3.0,234.06116046059026,0,1430,60,control_16,control
2003-12-14 09:00:00,230.25,50.5,310.4999044733607,0,1147,60,control_16,control
2003-12-14 10:00:00,370.5833333333333,240.5,318.67172906292575,3,1898,60,control_16,control
2003-12-14 11:00:00,301.25,232.0,304.4980100683635,0,1183,60,control_16,control
2003-12-14 12:00:00,247.61666666666667,113.5,295.49929545739906,0,1342,60,control_16,control
2003-12-14 13:00:00,558.3333333333334,550.0,379.8159976757107,0,1386,60,control_16,control
2003-12-14 14:00:00,337.81666666666666,266.0,238.61887146495567,3,918,60,control_16,control
2003-12-14 15:00:00,416.81666666666666,360.0,282.0607875141586,7,1110,60,control_16,control
2003-12-14 16:00:00,340.78333333333336,262.0,289.97691852427863,3,1342,60,control_16,control
2003-12-14 17:00:00,324.5,185.5,342.0451204253317,0,1839,60,control_16,control
2003-12-14 18:00:00,109.43333333333334,53.5,136.17403703196112,0,782,60,control_16,control
2003-12-14 19:00:00,523.5,524.0,378.2794456259166,3,1522,60,control_16,control
2003-12-14 20:00:00,476.0,378.0,352.5547919911629,0,1221,60,control_16,control
2003-12-14 21:00:00,519.3,498.0,334.2921841844042,3,1571,60,control_16,control
2003-12-14 22:00:00,336.9166666666667,131.5,503.0510737175317,0,2513,60,control_16,control
2003-12-14 23:00:00,452.81666666666666,515.5,334.69872573054374,3,1076,60,control_16,control
2003-12-15 00:00:00,89.21666666666667,0.0,196.824975305358,0,918,60,control_16,control
2003-12-15 01:00:00,28.933333333333334,0.0,85.57242282431065,0,498,60,control_16,control
2003-12-15 02:00:00,8.216666666666667,0.0,42.50068460731421,0,315,60,control_16,control
2003-12-15 03:00:00,3.533333333333333,0.0,21.824777294506408,0,168,60,control_16,control
2003-12-15 04:00:00,12.65,0.0,54.46965412354832,0,410,60,control_16,control
2003-12-15 05:00:00,40.78333333333333,0.0,111.05367333673352,0,624,60,control_16,control
2003-12-15 06:00:00,487.1166666666667,459.0,278.78404810933137,16,1301,60,control_16,control
2003-12-15 07:00:00,411.75,315.0,266.54631199976853,104,1221,60,control_16,control
2003-12-15 08:00:00,268.31666666666666,111.0,456.61364047372336,0,2935,60,control_16,control
2003-12-15 09:00:00,152.55,111.0,162.7085806077535,0,808,60,control_16,control
2003-12-15 10:00:00,302.9,192.0,298.0311495493297,0,1010,60,control_16,control
2003-12-15 11:00:00,418.28333333333336,289.0,395.68850493519915,0,1430,60,control_16,control
2003-12-15 12:00:00,255.53333333333333,110.0,333.52831133694906,0,1430,60,control_16,control
2003-12-15 13:00:00,339.4166666666667,253.5,308.053390247434,0,1522,60,control_16,control
2003-12-15 14:00:00,352.25,147.0,407.1908570532947,0,1621,60,control_16,control
2003-12-15 15:00:00,392.4,348.0,222.8343764369266,137,1221,60,control_16,control
2003-12-15 16:00:00,159.06666666666666,126.0,122.80118514674979,0,451,60,control_16,control
2003-12-15 17:00:00,386.85,98.5,443.6493433225259,0,1673,60,control_16,control
2003-12-15 18:00:00,531.2666666666667,490.5,279.9889747627584,3,1221,60,control_16,control
2003-12-15 19:00:00,407.2,275.0,419.1456928854295,0,2218,60,control_16,control
2003-12-15 20:00:00,223.66666666666666,198.5,236.0287016923977,3,1301,60,control_16,control
2003-12-15 21:00:00,281.18333333333334,95.0,430.33875074815217,0,1898,60,control_16,control
2003-12-15 22:00:00,136.25,51.5,217.70494922085314,0,979,60,control_16,control
2003-12-15 23:00:00,6.3,0.0,21.13579981685825,0,116,60,control_16,control
2003-12-16 00:00:00,3.966666666666667,0.0,19.02715870437785,0,131,60,control_16,control
2003-12-16 01:00:00,16.783333333333335,0.0,81.21661591426333,0,550,60,control_16,control
2003-12-16 02:00:00,12.25,0.0,51.45036278305989,0,372,60,control_16,control
2003-12-16 03:00:00,6.6,0.0,20.64075284397596,0,104,60,control_16,control
2003-12-16 04:00:00,7.8,0.0,27.61404702719866,0,163,60,control_16,control
2003-12-16 05:00:00,15.75,0.0,53.716021976214435,0,315,60,control_16,control
2003-12-16 06:00:00,122.63333333333334,0.0,251.2808521687768,0,1183,60,control_16,control
2003-12-16 07:00:00,459.26666666666665,490.5,305.55921874195207,0,1342,60,control_16,control
2003-12-16 08:00:00,330.9166666666667,275.0,195.16479708850892,80,1043,60,control_16,control
2003-12-16 09:00:00,403.21666666666664,284.0,392.6969371707358,0,1522,60,control_16,control
2003-12-16 10:00:00,416.51666666666665,294.0,446.8954866506268,3,2020,60,control_16,control
2003-12-16 11:00:00,170.28333333333333,96.5,222.86311765081174,0,1010,60,control_16,control
2003-12-16 12:00:00,0.0,0.0,0.0,0,0,60,control_16,control
2003-12-16 13:00:00,0.05,0.0,0.38729833462074165,0,3,60,control_16,control
2003-12-16 14:00:00,1.75,3.0,1.4915013480337322,0,3,60,control_16,control
2003-12-16 15:00:00,3.0,3.0,0.0,3,3,60,control_16,control
2003-12-16 16:00:00,3.0,3.0,0.0,3,3,60,control_16,control
2003-12-16 17:00:00,4.1,3.0,8.520563361656318,3,69,60,control_16,control
2003-12-16 18:00:00,3.0,3.0,0.0,3,3,60,control_16,control
2003-12-16 19:00:00,3.0,3.0,0.0,3,3,60,control_16,control
2003-12-16 20:00:00,3.0,3.0,0.0,3,3,60,control_16,control
2003-12-16 21:00:00,3.0,3.0,0.0,3,3,60,control_16,control
2003-12-16 22:00:00,3.2666666666666666,3.0,0.6856066636017633,3,5,60,control_16,control
2003-12-16 23:00:00,5.0,5.0,0.0,5,5,60,control_16,control
2003-12-17 00:00:00,4.0,4.0,1.0084389681792219,3,5,60,control_16,control
2003-12-17 01:00:00,4.2,5.0,0.9880643635111421,3,5,60,control_16,control
2003-12-17 02:00:00,4.0,4.0,1.0084389681792219,3,5,60,control_16,control
2003-12-17 03:00:00,3.0,3.0,0.0,3,3,60,control_16,control
2003-12-17 04:00:00,3.0,3.0,0.0,3,3,60,control_16,control
2003-12-17 05:00:00,3.0,3.0,0.0,3,3,60,control_16,control
2003-12-17 06:00:00,3.0,3.0,0.0,3,3,60,control_16,control
2003-12-17 07:00:00,3.033333333333333,3.0,0.25819888974716104,3,5,60,control_16,control
2003-12-17 08:00:00,3.0,3.0,0.0,3,3,60,control_16,control
2003-12-17 09:00:00,7.533333333333333,3.0,24.43980267519073,3,189,60,control_16,control
2003-12-17 10:00:00,3.0,3.0,0.0,3,3,60,control_16,control
2003-12-17 11:00:00,3.0,3.0,0.0,3,3,60,control_16,control
2003-12-17 12:00:00,3.0,3.0,0.0,3,3,60,control_16,control
2003-12-17 13:00:00,3.0,3.0,0.0,3,3,60,control_16,control
2003-12-17 14:00:00,3.0,3.0,0.0,3,3,60,control_16,control
2003-12-17 15:00:00,3.0,3.0,0.0,3,3,60,control_16,control
2003-12-17 16:00:00,3.0,3.0,0.0,3,3,60,control_16,control
2003-12-17 17:00:00,3.0,3.0,0.0,3,3,60,control_16,control
2003-12-17 18:00:00,3.0,3.0,0.0,3,3,60,control_16,control
2003-12-17 19:00:00,3.0,3.0,0.0,3,3,60,control_16,control
2003-12-17 20:00:00,3.3,3.0,0.720169471580551,3,5,60,control_16,control
2003-12-17 21:00:00,5.0,5.0,0.0,5,5,60,control_16,control
2003-12-17 22:00:00,5.0,5.0,0.0,5,5,60,control_16,control
2003-12-17 23:00:00,5.0,5.0,0.0,5,5,60,control_16,control
2003-12-18 00:00:00,5.0,5.0,0.0,5,5,60,control_16,control
2003-12-18 01:00:00,5.0,5.0,0.0,5,5,60,control_16,control
2003-12-18 02:00:00,5.0,5.0,0.0,5,5,60,control_16,control
2003-12-18 03:00:00,5.7,5.0,0.9619894639826154,5,7,60,control_16,control
2003-12-18 04:00:00,5.466666666666667,5.0,0.8530437361701969,5,7,60,control_16,control
2003-12-18 05:00:00,5.266666666666667,5.0,0.6856066636017628,5,7,60,control_16,control
2003-12-18 06:00:00,5.0,5.0,0.0,5,5,60,control_16,control
2003-12-18 07:00:00,5.0,5.0,0.0,5,5,60,control_16,control
2003-12-18 08:00:00,5.0,5.0,0.0,5,5,60,control_16,control
2003-12-18 09:00:00,80.58333333333333,5.0,239.60258704261543,5,1522,60,control_16,control
2003-12-18 10:00:00,6.0,6.0,1.0084389681792212,5,7,60,control_16,control
2003-12-18 11:00:00,123.1,7.0,168.020448715151,5,711,60,control_16,control
2003-12-18 12:00:00,135.01666666666668,55.5,148.04448388589,5,498,60,control_16,control
2003-12-18 13:00:00,26.333333333333332,7.0,100.51792430877506,7,733,60,control_16,control
2003-12-18 14:00:00,18.1,7.0,50.91058962134716,0,372,60,control_16,control
2003-12-18 15:00:00,24.95,5.0,101.61966728769103,5,733,60,control_16,control
2003-12-18 16:00:00,5.3,5.0,0.7201694715805514,5,7,60,control_16,control
2003-12-18 17:00:00,5.1,5.0,0.4395683553021655,5,7,60,control_16,control
2003-12-18 18:00:00,5.4,5.0,0.8067511745433774,5,7,60,control_16,control
2003-12-18 19:00:00,9.916666666666666,5.0,24.755271081684477,5,163,60,control_16,control
2003-12-18 20:00:00,5.716666666666667,5.0,3.9190610543882323,5,29,60,control_16,control
2003-12-18 21:00:00,5.0,5.0,0.0,5,5,60,control_16,control
2003-12-18 22:00:00,14.8,5.0,39.89639123903696,5,209,60,control_16,control
2003-12-18 23:00:00,5.0,5.0,0.0,5,5,60,control_16,control
2003-12-19 00:00:00,5.0,5.0,0.0,5,5,60,control_16,control
2003-12-19 01:00:00,5.0,5.0,0.0,5,5,60,control_16,control
2003-12-19 02:00:00,5.0,5.0,0.0,5,5,60,control_16,control
2003-12-19 03:00:00,5.0,5.0,0.0,5,5,60,control_16,control
2003-12-19 04:00:00,5.0,5.0,0.0,5,5,60,control_16,control
2003-12-19 05:00:00,5.0,5.0,0.0,5,5,60,control_16,control
2003-12-19 06:00:00,5.0,5.0,0.0,5,5,60,control_16,control
2003-12-19 07:00:00,77.78333333333333,12.0,150.57878073964986,5,808,60,control_16,control
2003-12-19 08:00:00,6.866666666666666,7.0,3.2908021105914953,5,31,60,control_16,control
2003-12-19 09:00:00,5.033333333333333,5.0,0.2581988897471612,5,7,60,control_16,control
2003-12-19 10:00:00,129.6153846153846,5.0,285.9893758112757,0,948,13,control_16,control
