subject_id,label,hours_available,n_observations,mesor,amplitude,acrophase_hours,trough_hours,fitted_max,fitted_min,r_squared,rmse,beta_cos,beta_sin,acrophase_time,trough_time,relative_amplitude
condition_1,condition,24,24,145.24634906045756,163.48391015270315,14.53382513509078,2.5338251350907797,308.7302592131607,-18.237561092245585,0.878430750286905,43.004917781456015,-128.81411904865638,-100.66733140664701,14:32,02:32,1.1255629570740835
condition_10,condition,24,24,289.1708796296297,266.5530636461575,14.853761157563412,2.8537611575634116,555.7239432757872,22.617815983472212,0.8946991737753048,64.66154122387034,-195.55765729671563,-181.12906561833972,14:51,02:51,0.9217839084888453
condition_11,condition,24,24,129.16727430555557,114.19366782049151,16.94796149206589,4.94796149206589,243.36094212604706,14.973606485064053,0.8735042085174312,30.727877450127185,-31.055430952932987,-109.88973554715822,16:57,04:57,0.8840758499738658
condition_12,condition,24,24,148.4687086640212,137.45251817765666,15.924942074026973,3.9249420740269727,285.9212268416778,11.016190486364536,0.8995440362934886,32.47987511296197,-71.05193899321094,-117.66399924651579,15:55,03:55,0.9258012642159249
condition_13,condition,24,24,221.27753086419762,146.1725504970535,14.773988833413002,2.773988833413,367.45008136125114,75.10498036714412,0.7357299223930299,61.94633452105077,-109.29089821128781,-97.06654463296599,14:46,02:46,0.6605846961784948
condition_14,condition,24,24,74.57904079861113,62.58376563117572,8.846451694051984,20.846451694051986,137.16280642978685,11.995275167435409,0.7622359591108765,24.71582223981445,-42.43919725945479,45.99611131988244,08:51,20:51,0.8391602380643813
condition_15,condition,24,24,109.2407677862812,67.19006605253219,14.813139027668141,2.813139027668143,176.43083383881338,42.05070173374901,0.5955467919389064,39.15311028413883,-49.777005564900044,-45.13041871216739,14:49,02:49,0.6150640224717473
condition_16,condition,24,24,145.86781050447004,160.10992553954233,14.397853145102758,2.397853145102758,305.9777360440124,-14.242115035072288,0.897581407663455,38.243332985510854,-129.58452449277794,-94.03743546193942,14:24,02:24,1.0976371345111529
condition_17,condition,24,24,85.66363756613758,61.82452808336499,15.674712751819257,3.674712751819257,147.48816564950258,23.839109482772592,0.6902515793835096,29.285096400000423,-35.35433498985416,-50.71827353287925,15:40,03:40,0.7217126173941967
condition_18,condition,24,24,70.67499961095551,20.997868509105885,19.709035141381364,7.709035141381364,91.6728681200614,49.677131101849625,0.5063289967305102,14.660967250324155,9.084619896013951,-18.93093138941262,19:43,07:43,0.29710461442791364
condition_19,condition,24,24,158.46923941798948,132.91621589778046,14.50194184328569,2.5019418432856924,291.38545531576995,25.553023520209024,0.7709042525027152,51.23553363673217,-105.4083755778437,-80.96786280139563,14:30,02:30,0.8387508918825023
condition_2,condition,24,24,153.52837916634724,175.42286945358984,10.59558810152935,22.59558810152935,328.9512486199371,-21.894490287242604,0.8474378340532869,52.630889634682966,-163.698635868801,63.05505326319948,10:36,22:36,1.1426087502918274
condition_20,condition,24,24,54.75612518155412,40.99497229618232,15.055406984991862,3.055406984991862,95.75109747773644,13.7611528853718,0.6735283072979881,20.181825108643206,-28.564304748104803,-29.405241842606113,15:03,03:03,0.7486828580411025
condition_21,condition,24,24,78.36501851851854,76.0514480442044,14.09452219065419,2.094522190654189,154.41646656272295,2.313570474314133,0.5774660676050097,46.00023502702702,-64.90143845452772,-39.64373892752137,14:06,02:06,0.9704769995841013
condition_22,condition,24,24,160.4649183558559,125.36955689430835,14.600118848508956,2.6001188485089557,285.83447525016425,35.095361461547554,0.7869261400099397,46.12912256806387,-97.42798992556003,-78.90065002862899,14:36,02:36,0.7812895066339788
condition_23,condition,24,24,202.7541426166427,195.64384967479836,16.74022249596339,4.7402224959633905,398.397992291441,7.110292941844335,0.9080920010001425,44.01117185021546,-63.36166886448831,-185.09947280930336,16:44,04:44,0.9649314541735993
condition_3,condition,24,24,264.08148943865746,251.65358392499712,16.187309898628396,4.187309898628396,515.7350733636546,12.427905513660335,0.9131513727320585,54.877992117685764,-114.99263832607409,-223.84418561379763,16:11,04:11,0.9529391267063905
condition_4,condition,24,24,274.8552459490741,197.70506855969643,15.97002169938113,3.970021699381128,472.56031450877055,77.15017738937769,0.8766199322064016,52.44687753864915,-100.19324335997024,-170.43652225742005,15:58,03:58,0.7193061492314675
condition_5,condition,24,24,166.8109721453181,159.1710851562778,15.170051020645682,3.17005102064568,325.9820573015959,7.639886989040292,0.6955771902479024,74.4586415184424,-107.43040674823276,-117.44846553163777,15:10,03:10,0.954200332923036
condition_6,condition,24,24,196.67560134310142,166.61481553208586,14.808403328477628,2.8084033284776275,363.29041687518725,30.060785811015563,0.8485451167584699,49.774028232343056,-123.57336854367006,-111.75920249161273,14:49,02:49,0.8471554905350237
condition_7,condition,24,24,257.62583457341276,221.62123127915018,16.225397627305927,4.225397627305927,479.24706585256297,36.00460329426258,0.9648138857881359,29.926797634528953,-99.29875150462925,-198.13058346279723,16:14,04:14,0.8602445932727187
condition_8,condition,24,24,181.1132745726496,184.24084336414884,16.596336484583134,4.596336484583134,365.35411793679845,-3.127568791499243,0.8717970863049441,49.95881819293042,-66.1909526095791,-171.94024007244286,16:36,04:36,1.0172685784566535
condition_9,condition,24,24,177.80812830687836,118.24737441066756,15.242198570061667,3.2421985700616673,296.0555027175459,59.5607538962108,0.626860521409341,64.50994162381635,-78.14732523212655,-88.74365957115378,15:15,03:15,0.6650279463410406
control_1,control,24,24,98.44782808241145,78.0114433584884,15.470529764048896,3.470529764048898,176.45927144089984,20.43638472392304,0.8335502007105768,24.65012200268889,-47.966443772171836,-61.52239890256004,15:28,03:28,0.7924140621282616
control_10,control,24,24,280.0436268939395,216.72421925064154,13.094584046765009,1.0945840467650072,496.7678461445811,63.31940764329798,0.7448072124817149,89.70253375248798,-207.8865251181041,-61.258304613497316,13:06,01:06,0.7738944879924768
control_11,control,24,24,162.30247053237252,113.97437029193901,14.536071910445989,2.5360719104459903,276.27684082431153,48.328100240433514,0.7669817579354868,44.421646012227264,-89.76269768306724,-70.23400307616178,14:32,02:32,0.7022343524290711
control_12,control,24,24,93.08202982026145,83.5834005972736,13.688259177595238,1.6882591775952385,176.66543041753505,9.498629222987859,0.8185394854103762,27.827634508117153,-75.55139501968192,-35.751525365839946,13:41,01:41,0.8979542104815568
control_13,control,24,24,165.096642300195,151.66001358235462,13.63284074700164,1.6328407470016408,316.7566558825496,13.436628717840364,0.9357217715609494,28.107011728613255,-138.01284807921718,-62.874585365335875,13:38,01:38,0.9186135554870428
control_14,control,24,24,338.70290715238554,255.94859099002903,14.334795528266719,2.334795528266717,594.6514981424145,82.7543161623565,0.8821318149964142,66.15600943601805,-209.60459855928724,-146.88632847403196,14:20,02:20,0.7556728495243633
control_15,control,24,24,273.676863425926,209.8609830585679,13.788976968169377,1.7889769681693792,483.5378464844939,63.81588036735809,0.7941417178244036,75.55302751318648,-187.26167255799626,-94.73488376036738,13:47,01:47,0.7668203312165237
control_16,control,24,24,205.59583490447469,153.1334536585265,14.29484335007687,2.294843350076871,358.7292885630012,52.462381245948194,0.8637232318468607,43.01091600041697,-126.31826840561942,-86.5652915226072,14:18,02:18,0.7448276066958087
control_17,control,24,24,176.4577083333334,143.07744356581082,14.334549041993576,2.3345490419935757,319.53515189914424,33.38026476752256,0.9116827078639216,31.488878097647326,-117.17605520844049,-82.10314819247974,14:20,02:20,0.8108313596339677
control_18,control,24,24,240.52454676314977,191.969620005713,15.400914747367155,3.4009147473671533,432.4941667688628,48.55492675743676,0.8066765495915229,66.45230661541305,-120.77466518127281,-149.21734234159678,15:24,03:24,0.7981290167225636
control_19,control,24,24,168.94920808966867,107.54024800646931,14.934378110065538,2.9343781100655377,276.489456096138,61.40896008319936,0.7138666394171209,48.142843770630634,-77.33754452808788,-74.7248897467166,14:56,02:56,0.6365241318526514
control_2,control,24,24,399.62892999256644,328.1277602736723,15.327742885880014,3.3277428858800135,727.7566902662388,71.50116971889412,0.8896210544739426,81.72756700788982,-211.28411771757433,-251.05148607909643,15:20,03:20,0.8210810971061977
control_20,control,24,24,229.01370631277723,211.25742487080674,13.573018515977884,1.5730185159778856,440.271131183584,17.756281441970486,0.7975825784055881,75.25460811050588,-193.59540056411873,-84.56075001715024,13:34,01:34,0.9224662937085534
control_21,control,24,24,172.38021382301278,56.77430294352483,18.97162978085876,6.971629780858759,229.1545167665376,115.60591087948795,0.5597373179668395,35.6041497650933,14.286557597768892,-54.94739071811112,18:58,06:58,0.32935510221501685
control_22,control,24,24,244.4383850033069,177.13112484354681,15.142937285786644,3.142937285786644,421.56950984685375,67.30726015976009,0.8211053994817838,58.462723750525214,-120.47703774945631,-129.84883042775644,15:09,03:09,0.7246452918642482
control_23,control,24,24,189.2189270152506,125.84505938967727,14.735258554611347,2.735258554611349,315.0639864049279,63.37386762557334,0.7721176347322839,48.34313334669731,-94.9348469462783,-82.60964718529013,14:44,02:44,0.6650764877212016
control_24,control,24,24,351.1279287668351,301.8212748107984,16.91995531714708,4.919955317147078,652.9492035776335,49.30665395603671,0.8719114793754528,81.80008564767917,-84.20884177748849,-289.8360793533293,16:55,04:55,0.8595763825190375
control_25,control,24,24,293.9682233796297,208.27636857008258,13.581032567004977,1.581032567004975,502.2445919497123,85.69185480954712,0.6952872446350518,97.49631137232835,-190.6882421859648,-83.76777421400013,13:35,01:35,0.7084995996356895
control_26,control,24,24,230.87845586755242,187.3873701179838,15.320792075937886,3.320792075937888,418.26582598553625,43.49108574956861,0.9428666905669617,32.61706373512597,-120.92093675859391,-143.1508069595082,15:19,03:19,0.8116277866371471
control_27,control,24,24,313.17747949735457,197.76907046399694,14.864834476873332,2.864834476873334,510.9465499613515,115.40840903335763,0.49906476005555944,140.105671038342,-144.7038216082228,-134.8087877112209,14:52,02:52,0.6314919922767547
control_28,control,24,24,293.441690171439,174.75571179195902,15.038378241479114,3.0383782414791156,468.197401963398,118.68597837947999,0.7834272786971691,64.9709045998202,-122.3231657750147,-124.80625753019164,15:02,03:02,0.5955381176064675
control_29,control,24,24,237.71147561588745,173.46185280420252,14.36776245911742,2.3677624591174222,411.17332842009,64.24962281168493,0.779636192463911,65.20983795766448,-141.18908325435916,-100.77031878514853,14:22,02:22,0.7297159396902468
control_3,control,24,24,76.86210681696191,62.517916858887055,14.68282738796245,2.6828273879624476,139.38002367584897,14.344189958074857,0.8656273626254579,17.417243895316616,-47.72105414962659,-40.38800464523002,14:41,02:41,0.8133776115162461
control_30,control,24,24,218.58612179487184,176.76312919213413,14.148157365910716,2.1481573659107163,395.349250987006,41.82299260273771,0.791636631518005,64.12456427935639,-149.53898045255858,-94.25124490957351,14:09,02:09,0.8086658372484153
control_31,control,24,24,147.54630490558296,123.74769801626547,16.317406150738783,4.317406150738783,271.29400292184846,23.798606889317483,0.74400306782411,51.32774069677614,-52.765230480400405,-111.93445946925844,16:19,04:19,0.8387041484736161
control_32,control,24,24,68.15473199781864,40.59725691433273,17.367032058160195,5.367032058160195,108.75198891215138,27.55747508348591,0.7375331095673472,17.124905926446445,-6.6966497835581045,-40.04113073634045,17:22,05:22,0.5956630702565463
control_4,control,24,24,138.70583964646465,127.82625407457088,15.69337997417686,3.6933799741768603,266.53209372103555,10.87958557189377,0.7922406665425166,46.28675876028506,-72.58405404999887,-105.21932488095327,15:42,03:42,0.9215636082833729
control_5,control,24,24,134.4002727918389,102.57028687763707,13.508224128023667,1.5082241280236666,236.97055966947596,31.829985914201814,0.7886261214291399,37.54885096037565,-94.67785684834129,-39.455888949126006,13:30,01:30,0.7631702283558564
control_6,control,24,24,152.471989244772,100.68294204098193,15.785570043246182,3.7855700432461816,253.15493128575395,51.789047203790076,0.818142677254163,33.565395783306215,-55.154461199779604,-84.23206175673093,15:47,03:47,0.6603373022132599
control_7,control,24,24,162.90441798941802,99.74417471474273,16.1366964492565,4.136696449256501,262.64859270416076,63.160243274675295,0.6994276221929236,46.23551369068156,-46.74949416768172,-88.11007425142154,16:08,04:08,0.612286492569047
control_8,control,24,24,290.1065321109288,160.51062503748523,14.680077917325448,2.6800779173254483,450.61715714841404,129.59590707344358,0.6868133419072506,76.64274535514268,-122.59526456816837,-103.60531769839315,14:41,02:41,0.5532816647372502
control_9,control,24,24,107.08168325807337,91.20185946529914,15.375363037868912,3.3753630378689117,198.2835427233725,15.879823792774232,0.9051732350865828,20.873165207966217,-57.85114634961883,-70.5054894030469,15:23,03:23,0.8517036405329669
