hour,activity_mean,label
0.0,85.81566317626528,condition
1.0,46.74524432809773,condition
2.0,36.157722513089006,condition
3.0,29.225043630017453,condition
4.0,24.258289703315878,condition
5.0,25.286867364746946,condition
6.0,49.18167539267015,condition
7.0,85.44498254799302,condition
8.0,125.5481652302952,condition
9.0,169.1666745596825,condition
10.0,233.91397249809015,condition
11.0,247.77195595854923,condition
12.0,263.4957795004307,condition
13.0,290.56802950791933,condition
14.0,282.88406357388317,condition
15.0,287.54305230397625,condition
16.0,245.0501727115717,condition
17.0,241.54006908462864,condition
18.0,245.37150259067357,condition
19.0,214.75961158875666,condition
20.0,205.5943717277487,condition
21.0,192.9024432809773,condition
22.0,153.62094240837695,condition
23.0,115.03983420593369,condition
0.0,92.75421970768505,control
1.0,52.828618576143334,control
2.0,32.52080361388492,control
3.0,24.61406987724268,control
4.0,20.584631728045327,control
5.0,31.73045325779037,control
6.0,114.26836638338054,control
7.0,165.17129367327667,control
8.0,186.55027075121305,control
9.0,204.64844122268156,control
10.0,250.57886123993248,control
11.0,257.0044128723099,control
12.0,289.51707294065926,control
13.0,292.7442047776206,control
14.0,295.66766524013315,control
15.0,313.36399061032864,control
16.0,289.8681220657277,control
17.0,282.25063380281694,control
18.0,277.4057746478873,control
19.0,248.06793316245972,control
20.0,245.01572504708096,control
21.0,208.43543140028288,control
22.0,177.455186232909,control
23.0,160.4909948137671,control
