subject_id,label,source_file,timestamp_column,activity_column,rows_before,rows_after_cleaning,hourly_rows,invalid_timestamps,invalid_activity_values,duplicate_timestamps_removed,missing_before_interpolation,missing_after_interpolation,interpolated_values,largest_gap_minutes,gaps_over_5_minutes,gaps_over_30_minutes,gaps_over_60_minutes
condition_1,condition,D:\Projects\biological_rhythm_project\data\extracted\depresjon\data\condition\condition_1.csv,timestamp,activity,23244,23244,388,0,0,0,0,0,0,1.0,0,0,0
condition_10,condition,D:\Projects\biological_rhythm_project\data\extracted\depresjon\data\condition\condition_10.csv,timestamp,activity,21555,21555,360,0,0,0,0,0,0,1.0,0,0,0
condition_11,condition,D:\Projects\biological_rhythm_project\data\extracted\depresjon\data\condition\condition_11.csv,timestamp,activity,22990,22990,384,0,0,0,0,0,0,1.0,0,0,0
condition_12,condition,D:\Projects\biological_rhythm_project\data\extracted\depresjon\data\condition\condition_12.csv,timestamp,activity,22147,22147,370,0,0,0,0,0,0,1.0,0,0,0
condition_13,condition,D:\Projects\biological_rhythm_project\data\extracted\depresjon\data\condition\condition_13.csv,timestamp,activity,25910,25910,432,0,0,0,0,0,0,1.0,0,0,0
condition_14,condition,D:\Projects\biological_rhythm_project\data\extracted\depresjon\data\condition\condition_14.csv,timestamp,activity,21646,21646,362,0,0,0,0,0,0,1.0,0,0,0
condition_15,condition,D:\Projects\biological_rhythm_project\data\extracted\depresjon\data\condition\condition_15.csv,timestamp,activity,21829,21829,364,0,0,0,0,0,0,1.0,0,0,0
condition_16,condition,D:\Projects\biological_rhythm_project\data\extracted\depresjon\data\condition\condition_16.csv,timestamp,activity,41847,41847,698,0,0,0,0,0,0,1.0,0,0,0
condition_17,condition,D:\Projects\biological_rhythm_project\data\extracted\depresjon\data\condition\condition_17.csv,timestamp,activity,21531,21531,360,0,0,0,0,0,0,1.0,0,0,0
condition_18,condition,D:\Projects\biological_rhythm_project\data\extracted\depresjon\data\condition\condition_18.csv,timestamp,activity,21347,21347,357,0,0,0,0,0,0,1.0,0,0,0
condition_19,condition,D:\Projects\biological_rhythm_project\data\extracted\depresjon\data\condition\condition_19.csv,timestamp,activity,21231,21231,355,0,0,0,0,0,0,1.0,0,0,0
condition_2,condition,D:\Projects\biological_rhythm_project\data\extracted\depresjon\data\condition\condition_2.csv,timestamp,activity,38926,38926,649,0,0,0,0,0,0,1.0,0,0,0
condition_20,condition,D:\Projects\biological_rhythm_project\data\extracted\depresjon\data\condition\condition_20.csv,timestamp,activity,25847,25847,432,0,0,0,0,0,0,1.0,0,0,0
condition_21,condition,D:\Projects\biological_rhythm_project\data\extracted\depresjon\data\condition\condition_21.csv,timestamp,activity,20487,20487,343,0,0,0,0,0,0,1.0,0,0,0
condition_22,condition,D:\Projects\biological_rhythm_project\data\extracted\depresjon\data\condition\condition_22.csv,timestamp,activity,21772,21772,364,0,0,0,0,0,0,1.0,0,0,0
condition_23,condition,D:\Projects\biological_rhythm_project\data\extracted\depresjon\data\condition\condition_23.csv,timestamp,activity,31485,31485,525,0,0,0,0,0,0,1.0,0,0,0
condition_3,condition,D:\Projects\biological_rhythm_project\data\extracted\depresjon\data\condition\condition_3.csv,timestamp,activity,21648,21648,361,0,0,0,0,0,0,1.0,0,0,0
condition_4,condition,D:\Projects\biological_rhythm_project\data\extracted\depresjon\data\condition\condition_4.csv,timestamp,activity,21556,21556,361,0,0,0,0,0,0,1.0,0,0,0
condition_5,condition,D:\Projects\biological_rhythm_project\data\extracted\depresjon\data\condition\condition_5.csv,timestamp,activity,21493,21493,359,0,0,0,0,0,0,1.0,0,0,0
condition_6,condition,D:\Projects\biological_rhythm_project\data\extracted\depresjon\data\condition\condition_6.csv,timestamp,activity,21433,21433,358,0,0,0,0,0,0,1.0,0,0,0
condition_7,condition,D:\Projects\biological_rhythm_project\data\extracted\depresjon\data\condition\condition_7.csv,timestamp,activity,22175,22175,370,0,0,0,0,0,0,1.0,0,0,0
condition_8,condition,D:\Projects\biological_rhythm_project\data\extracted\depresjon\data\condition\condition_8.csv,timestamp,activity,19299,19299,322,0,0,0,0,0,0,1.0,0,0,0
condition_9,condition,D:\Projects\biological_rhythm_project\data\extracted\depresjon\data\condition\condition_9.csv,timestamp,activity,20318,20318,340,0,0,0,0,0,0,1.0,0,0,0
control_1,control,D:\Projects\biological_rhythm_project\data\extracted\depresjon\data\control\control_1.csv,timestamp,activity,51611,51671,862,0,0,0,60,60,0,61.0,1,1,1
control_10,control,D:\Projects\biological_rhythm_project\data\extracted\depresjon\data\control\control_10.csv,timestamp,activity,21655,21655,361,0,0,0,0,0,0,1.0,0,0,0
control_11,control,D:\Projects\biological_rhythm_project\data\extracted\depresjon\data\control\control_11.csv,timestamp,activity,24772,24772,413,0,0,0,0,0,0,1.0,0,0,0
control_12,control,D:\Projects\biological_rhythm_project\data\extracted\depresjon\data\control\control_12.csv,timestamp,activity,34637,34637,578,0,0,0,0,0,0,1.0,0,0,0
control_13,control,D:\Projects\biological_rhythm_project\data\extracted\depresjon\data\control\control_13.csv,timestamp,activity,22257,22257,371,0,0,0,0,0,0,1.0,0,0,0
control_14,control,D:\Projects\biological_rhythm_project\data\extracted\depresjon\data\control\control_14.csv,timestamp,activity,22259,22259,371,0,0,0,0,0,0,1.0,0,0,0
control_15,control,D:\Projects\biological_rhythm_project\data\extracted\depresjon\data\control\control_15.csv,timestamp,activity,22263,22263,372,0,0,0,0,0,0,1.0,0,0,0
control_16,control,D:\Projects\biological_rhythm_project\data\extracted\depresjon\data\control\control_16.csv,timestamp,activity,24553,24553,410,0,0,0,0,0,0,1.0,0,0,0
control_17,control,D:\Projects\biological_rhythm_project\data\extracted\depresjon\data\control\control_17.csv,timestamp,activity,28905,28905,482,0,0,0,0,0,0,1.0,0,0,0
control_18,control,D:\Projects\biological_rhythm_project\data\extracted\depresjon\data\control\control_18.csv,timestamp,activity,24614,24614,411,0,0,0,0,0,0,1.0,0,0,0
control_19,control,D:\Projects\biological_rhythm_project\data\extracted\depresjon\data\control\control_19.csv,timestamp,activity,27609,27609,461,0,0,0,0,0,0,1.0,0,0,0
control_2,control,D:\Projects\biological_rhythm_project\data\extracted\depresjon\data\control\control_2.csv,timestamp,activity,31473,31473,525,0,0,0,0,0,0,1.0,0,0,0
control_20,control,D:\Projects\biological_rhythm_project\data\extracted\depresjon\data\control\control_20.csv,timestamp,activity,31891,31891,532,0,0,0,0,0,0,1.0,0,0,0
control_21,control,D:\Projects\biological_rhythm_project\data\extracted\depresjon\data\control\control_21.csv,timestamp,activity,31936,31936,533,0,0,0,0,0,0,1.0,0,0,0
control_22,control,D:\Projects\biological_rhythm_project\data\extracted\depresjon\data\control\control_22.csv,timestamp,activity,21688,21688,362,0,0,0,0,0,0,1.0,0,0,0
control_23,control,D:\Projects\biological_rhythm_project\data\extracted\depresjon\data\control\control_23.csv,timestamp,activity,21694,21694,362,0,0,0,0,0,0,1.0,0,0,0
control_24,control,D:\Projects\biological_rhythm_project\data\extracted\depresjon\data\control\control_24.csv,timestamp,activity,21824,21824,364,0,0,0,0,0,0,1.0,0,0,0
control_25,control,D:\Projects\biological_rhythm_project\data\extracted\depresjon\data\control\control_25.csv,timestamp,activity,21818,21818,364,0,0,0,0,0,0,1.0,0,0,0
control_26,control,D:\Projects\biological_rhythm_project\data\extracted\depresjon\data\control\control_26.csv,timestamp,activity,33365,33365,557,0,0,0,0,0,0,1.0,0,0,0
control_27,control,D:\Projects\biological_rhythm_project\data\extracted\depresjon\data\control\control_27.csv,timestamp,activity,20490,20490,342,0,0,0,0,0,0,1.0,0,0,0
control_28,control,D:\Projects\biological_rhythm_project\data\extracted\depresjon\data\control\control_28.csv,timestamp,activity,24536,24536,409,0,0,0,0,0,0,1.0,0,0,0
control_29,control,D:\Projects\biological_rhythm_project\data\extracted\depresjon\data\control\control_29.csv,timestamp,activity,24433,24433,408,0,0,0,0,0,0,1.0,0,0,0
control_3,control,D:\Projects\biological_rhythm_project\data\extracted\depresjon\data\control\control_3.csv,timestamp,activity,65407,65407,1091,0,0,0,0,0,0,1.0,0,0,0
control_30,control,D:\Projects\biological_rhythm_project\data\extracted\depresjon\data\control\control_30.csv,timestamp,activity,21669,21669,362,0,0,0,0,0,0,1.0,0,0,0
control_31,control,D:\Projects\biological_rhythm_project\data\extracted\depresjon\data\control\control_31.csv,timestamp,activity,51389,51449,858,0,0,0,60,60,0,61.0,1,1,1
control_32,control,D:\Projects\biological_rhythm_project\data\extracted\depresjon\data\control\control_32.csv,timestamp,activity,51619,51679,862,0,0,0,60,60,0,61.0,1,1,1
control_4,control,D:\Projects\biological_rhythm_project\data\extracted\depresjon\data\control\control_4.csv,timestamp,activity,31455,31455,525,0,0,0,0,0,0,1.0,0,0,0
control_5,control,D:\Projects\biological_rhythm_project\data\extracted\depresjon\data\control\control_5.csv,timestamp,activity,47133,47133,786,0,0,0,0,0,0,1.0,0,0,0
control_6,control,D:\Projects\biological_rhythm_project\data\extracted\depresjon\data\control\control_6.csv,timestamp,activity,51589,51649,861,0,0,0,60,60,0,61.0,1,1,1
control_7,control,D:\Projects\biological_rhythm_project\data\extracted\depresjon\data\control\control_7.csv,timestamp,activity,51490,51550,860,0,0,0,60,60,0,61.0,1,1,1
control_8,control,D:\Projects\biological_rhythm_project\data\extracted\depresjon\data\control\control_8.csv,timestamp,activity,28918,28918,482,0,0,0,0,0,0,1.0,0,0,0
control_9,control,D:\Projects\biological_rhythm_project\data\extracted\depresjon\data\control\control_9.csv,timestamp,activity,29038,29038,484,0,0,0,0,0,0,1.0,0,0,0
