subject_id,label,actual,prediction,condition_probability
condition_1,condition,1,1,0.8647154634407331
condition_10,condition,1,0,0.15950705005774424
condition_11,condition,1,1,0.7129213019623759
condition_12,condition,1,0,0.3414396145847333
condition_13,condition,1,1,0.978167730938569
condition_14,condition,0,0,0.04851248582387439
condition_15,condition,0,0,0.052801340577082745
condition_16,condition,0,0,0.027825450661901306
condition_17,condition,0,1,0.5520715101095911
condition_18,condition,0,0,0.22212359763893133
condition_19,condition,0,0,0.02750998632269837
condition_2,condition,1,1,0.5505048608636286
condition_20,condition,1,1,0.8322611271620077
condition_21,condition,1,0,0.4951475735946415
condition_22,condition,1,1,0.9077210654974561
condition_23,condition,1,1,0.5808058200499203
condition_3,condition,0,0,0.08082671305832943
condition_4,condition,0,0,0.12042267225165647
condition_5,condition,0,0,0.3247746189813614
condition_6,condition,0,0,0.1575953576001233
condition_7,condition,0,0,0.1384497113572163
condition_8,condition,0,0,0.48380039388969864
condition_9,condition,1,1,0.9928782010403904
control_1,control,1,1,0.9028496384536553
control_10,control,1,1,0.6298588412726775
control_11,control,1,1,0.8871931687941566
control_12,control,1,0,0.09723587850273624
control_13,control,0,0,0.08369744975808038
control_14,control,0,0,0.0809113540262751
control_15,control,0,1,0.7224799787658452
control_16,control,0,0,0.08651578991782388
control_17,control,0,0,0.014942227111723171
control_18,control,0,0,0.46115649073159015
control_19,control,1,1,0.9743213804975492
control_2,control,1,0,0.10999655813234288
control_20,control,1,1,0.9433463149673452
control_21,control,1,1,0.9747808269216099
control_22,control,0,0,0.07724922373537749
control_23,control,0,0,0.06023025935726965
control_24,control,0,0,0.014296274598576792
control_25,control,0,0,0.0299282014388937
control_26,control,0,0,0.03381473617860705
control_27,control,0,1,0.7071909079250014
control_28,control,0,0,0.035609496380480145
control_29,control,1,1,0.6967690677820813
control_3,control,1,1,0.9117168865936921
control_30,control,1,0,0.13297921024494888
control_31,control,1,1,0.8571745797138508
control_32,control,0,0,0.02426660903279453
control_4,control,0,1,0.7852360203859627
control_5,control,0,0,0.18365364345290408
control_6,control,0,0,0.16978890288359128
control_7,control,0,0,0.06197254457598458
control_8,control,0,0,0.03808742457230487
control_9,control,0,0,0.2269265494040899
