fold,feature,importance_mean,importance_std
1,median_activity,2.590520390792032e-17,4.6957169783828983e-17
1,activity_max,0.0055555555555556095,0.02290614236454257
1,nighttime_mean_activity,0.0,0.0
1,day_night_ratio,0.04777777777777789,0.10280630234800364
1,most_active_hour,0.03444444444444456,0.06115150180363116
1,least_active_hour,0.0,0.0
1,activity_cv,0.0,0.0
1,estimated_sleep_hours,0.2500000000000001,0.10496913126495107
1,estimated_sleep_periods,0.0,0.0
1,sleep_regularity,0.0,0.0
1,mesor,0.0,0.0
1,relative_amplitude,-0.036666666666666556,0.05731653500679523
1,trough_hours,0.1811111111111112,0.06868248649122487
1,fitted_min,-0.01666666666666657,0.016666666666666646
1,rmse,-0.02444444444444436,0.014740554623801727
2,median_activity,0.006666666666666665,0.018053418676968795
2,activity_max,0.07999999999999999,0.03399346342395189
2,nighttime_mean_activity,0.0,0.0
2,day_night_ratio,0.21777777777777776,0.02948110924760355
2,most_active_hour,0.0833333333333333,0.0445138347200225
2,least_active_hour,0.06999999999999997,0.044179767449046746
2,activity_cv,0.002222222222222222,0.008314794192830977
2,estimated_sleep_hours,0.22999999999999998,0.09863888497762752
2,estimated_sleep_periods,0.0,0.0
2,sleep_regularity,0.0,0.0
2,mesor,0.01222222222222222,0.016063146994223287
2,relative_amplitude,0.04999999999999998,0.05146016078626404
2,trough_hours,0.09666666666666664,0.07167312632386727
2,fitted_min,0.11444444444444442,0.05352973097975957
2,rmse,0.03444444444444444,0.02786652489774322
3,median_activity,0.0,0.0
3,activity_max,-0.013333333333333216,0.06182412330330469
3,nighttime_mean_activity,0.0,0.0
3,day_night_ratio,0.11555555555555565,0.06190394789859608
3,most_active_hour,0.04888888888888897,0.0419288050313627
3,least_active_hour,0.004444444444444547,0.06069555681665627
3,activity_cv,0.0,0.0
3,estimated_sleep_hours,0.14777777777777787,0.09687079341723157
3,estimated_sleep_periods,0.0,0.0
3,sleep_regularity,0.01111111111111113,0.023306863292670073
3,mesor,-0.001111111111111011,0.03895232920657356
3,relative_amplitude,0.09888888888888901,0.046732757432918
3,trough_hours,0.06722222222222231,0.053831584652254495
3,fitted_min,0.0,0.0
3,rmse,0.0,0.0
4,median_activity,0.00357142857142857,0.010714285714285711
4,activity_max,0.05000000000000003,0.02542161488578888
4,nighttime_mean_activity,0.0,0.0
4,day_night_ratio,0.028571428571428567,0.025084889887744617
4,most_active_hour,0.0,0.0
4,least_active_hour,0.03690476190476189,0.02839728676637278
4,activity_cv,0.0,0.0
4,estimated_sleep_hours,0.12500000000000003,0.065041849426894
4,estimated_sleep_periods,0.00714285714285714,0.01428571428571428
4,sleep_regularity,0.0,0.0
4,mesor,0.0,0.0
4,relative_amplitude,0.04166666666666668,0.04886756131374713
4,trough_hours,0.058333333333333334,0.044686486616960626
4,fitted_min,0.04047619047619049,0.0502826478141497
4,rmse,0.00119047619047619,0.006410910484683928
5,median_activity,-0.03095238095238101,0.030210898905832208
5,activity_max,-0.075,0.04642857142857145
5,nighttime_mean_activity,0.0,0.0
5,day_night_ratio,0.0,0.0
5,most_active_hour,0.01904761904761904,0.03657688451366003
5,least_active_hour,0.0,0.0
5,activity_cv,-0.022619047619047625,0.04070314523161608
5,estimated_sleep_hours,0.10119047619047619,0.0809611339805681
5,estimated_sleep_periods,0.0,0.0
5,sleep_regularity,0.0,0.0
5,mesor,0.0,0.0
5,relative_amplitude,0.029761904761904726,0.08555706480395692
5,trough_hours,0.01666666666666666,0.036576884513660056
5,fitted_min,0.019047619047619004,0.05112121560377118
5,rmse,0.0,0.0
