feature,condition_mean,control_mean,condition_median,control_median,p_value,fdr_p_value,cohens_d,rank_biserial,significant_fdr,effect_size_notable
hourly_records,400.60869565217394,531.75,362.0,471.5,0.0003833310435398,0.0051308132465449,-0.7821077626504476,-0.5665760869565217,True,True
mean_activity,163.54557131906714,208.50630202712463,156.94220657276998,197.64391686752543,0.0449723303649391,0.1049354375181913,-0.5758891729529495,-0.3206521739130434,False,True
median_activity,95.88405797101449,123.97265625,79.1,101.49166666666667,0.6884116068066576,0.7413663457917851,-0.2974586044759861,-0.0652173913043477,False,True
activity_std,191.14539095879093,242.7923019800229,187.1928635616648,225.7417454631007,0.0198531385981343,0.0694859850934701,-0.7206539706455166,-0.3722826086956522,False,True
activity_min,0.377536231884058,0.3984375,0.0,0.0,0.2547515751919391,0.3356487326589901,-0.0165222273530177,-0.1182065217391304,False,False
activity_max,1150.0565217391302,1469.7875,1059.3166666666666,1289.6833333333334,0.043178804247494,0.1049354375181913,-0.5276988606860522,-0.3233695652173913,False,True
total_activity,65257.90523789487,100156.6305109509,59486.37435897436,98039.4695970696,0.0003992314111881,0.0051308132465449,-1.1240830615097457,-0.5652173913043479,True,True
daytime_mean_activity,222.79584891715524,280.8750480715529,228.53507575757573,266.097956393092,0.1068614246655335,0.1870074931646836,-0.5348886233542093,-0.2581521739130434,False,True
nighttime_mean_activity,63.84496239302134,86.40468974001357,61.023086419753085,86.69703166935052,0.0718359963719841,0.1340938598943704,-0.5948793533783016,-0.2880434782608695,False,True
day_night_ratio,3.990841720506925,3.5937689419445795,3.5383918019722063,3.584935938100104,0.6511451449910471,0.7292825623899728,0.2426162588775011,0.0733695652173913,False,True
most_active_hour,13.434782608695652,15.28125,14.0,15.0,0.0284012926527392,0.0795236194276698,-0.6010935458024124,-0.34375,False,True
least_active_hour,6.3478260869565215,3.65625,5.0,4.0,0.0051180767791658,0.02939582110454,0.7270191902692401,0.4388586956521738,True,True
activity_cv,1.188171676807118,1.2851313800444977,1.1623127691778108,1.1155772342422838,0.8712276079823942,0.8712276079823942,-0.2796492498200064,-0.0271739130434782,False,True
estimated_sleep_hours,48.26086956521739,78.5,48.0,56.5,0.0052492537686678,0.02939582110454,-0.6957382326786423,-0.4456521739130434,True,True
estimated_wake_hours,352.3478260869565,453.25,319.0,424.0,0.0077647815846162,0.0310591263384649,-0.7424189696022586,-0.4252717391304348,True,True
estimated_sleep_periods,7.869565217391305,8.96875,8.0,9.0,0.4256238079959492,0.5181507227776774,-0.2653314929334664,-0.1277173913043477,False,True
mean_night_activity,63.84496239302134,86.40468974001357,61.023086419753085,86.69703166935052,0.0718359963719841,0.1340938598943704,-0.5948793533783016,-0.2880434782608695,False,True
sleep_activity_threshold,9.116666666666667,8.9025,8.593333333333334,3.0,0.1630000240288907,0.2684706278122906,0.0164439144802106,0.2228260869565217,False,False
sleep_regularity,0.3281201773559761,0.3797163475405555,0.3259259259259259,0.367755991285403,0.1888381561749608,0.2782878090999422,-0.4750210189929681,-0.2105978260869565,False,True
mesor,162.89849427723115,207.9589088218894,158.46923941798948,197.40738095986265,0.0487482454702915,0.1049962210129357,-0.5796391850928181,-0.3152173913043478,False,True
amplitude,141.13977298250742,154.19541407620005,146.1725504970535,152.39673362044056,0.6027678978818181,0.7032292141954545,-0.1956583088475473,-0.0842391304347826,False,False
relative_amplitude,0.8500595643858283,0.744241989354107,0.8602445932727187,0.7649952797861901,0.0064974001974167,0.030321200921278,0.6794953318993806,0.4347826086956521,True,True
acrophase_hours,15.054921284617416,14.97027562703563,15.055406984991862,14.80004651574234,0.2637240042320636,0.3356487326589901,0.0513803720345526,0.1793478260869565,False,False
trough_hours,5.141877806356546,2.9702756270356305,3.242198570061668,2.8000465157423413,0.0271280551275724,0.0795236194276698,0.6046615341560521,0.3532608695652173,False,True
fitted_max,304.03826725973863,362.1543228980895,305.9777360440124,339.1322202310727,0.2565029068762536,0.3356487326589901,-0.4103997959593536,-0.1820652173913043,False,True
fitted_min,21.75872129472374,53.76349474568937,14.973606485064051,50.5478505799134,0.0005497299907012,0.0051308132465449,-1.0446592997503912,-0.5516304347826086,True,True
r_squared,0.7867640232178152,0.7910438923887934,0.8474378340532869,0.79319119218346,0.8712276079823942,0.8712276079823942,-0.0386701438542808,0.0271739130434782,False,False
rmse,44.13133695360938,54.32037094764912,46.00023502702702,48.24298855866397,0.1860384706503192,0.2782878090999422,-0.4456883776714154,-0.2119565217391305,False,True
