feature,importance_mean,importance_std,mean_permutation_std,absolute_importance
estimated_sleep_hours,0.1707936507936508,0.0656704429699464,0.0892963586134544,0.1707936507936508
trough_hours,0.084,0.0613699065674599,0.0550901137195934,0.084
day_night_ratio,0.0819365079365079,0.0870507507569981,0.0438552498763895,0.0819365079365079
most_active_hour,0.0371428571428571,0.0315667557013337,0.0368342052137352,0.0371428571428571
relative_amplitude,0.0367301587301587,0.0487334999630079,0.0579868158687362,0.0367301587301587
fitted_min,0.0314603174603174,0.0510580173804849,0.0343200522128694,0.0314603174603174
least_active_hour,0.0222698412698412,0.0308301207699032,0.0266545222064151,0.0222698412698412
activity_max,0.0094444444444444,0.0597654882038699,0.0381147830812318,0.0094444444444444
median_activity,-0.0041428571428571,0.0152433026816366,0.0117957206594173,0.0041428571428571
activity_cv,-0.004079365079365,0.0104085720627755,0.0098035878848894,0.004079365079365
rmse,0.0022380952380952,0.0209780986946512,0.0098035980012457,0.0022380952380952
mesor,0.0022222222222222,0.0056108360768678,0.0110030952401593,0.0022222222222222
sleep_regularity,0.0022222222222222,0.0049690399499995,0.004661372658534,0.0022222222222222
estimated_sleep_periods,0.0014285714285714,0.0031943828249996,0.0028571428571428,0.0014285714285714
nighttime_mean_activity,0.0,0.0,0.0,0.0
