subject_id,label,logistic_regression_prediction,logistic_regression_probability,random_forest_prediction,random_forest_probability,svm_prediction,svm_probability,gradient_boosting_prediction,gradient_boosting_probability
condition_1,condition,1,0.8935969747925573,1,0.7643411058348422,1,0.7128101729527222,1,0.9743213804975492
condition_10,condition,1,0.5332202336928865,0,0.33734465181580153,0,0.39662197824248285,1,0.5505048608636286
condition_11,condition,1,0.870258994606101,1,0.708399230414449,1,0.6088348331107771,1,0.8647154634407331
condition_12,condition,1,0.8598096548613358,1,0.7113740971550819,1,0.6587724074221741,1,0.8322611271620077
condition_13,condition,0,0.21959772675049033,0,0.2908333995749674,0,0.15639278307668567,0,0.10999655813234288
condition_14,condition,1,0.9999996121594165,1,0.879536210642095,1,0.5104014575490096,1,0.9928782010403904
condition_15,condition,0,0.2809227789161961,0,0.42886771580504396,0,0.21025653787897824,0,0.15950705005774424
condition_16,condition,0,0.4056979456504801,1,0.5506730840407044,0,0.43011698993879516,1,0.9028496384536553
condition_17,condition,1,0.6337277519965082,1,0.5142044155390009,1,0.5325693456120736,0,0.4951475735946415
condition_18,condition,1,0.7213178610692297,0,0.46551022735058306,0,0.29793343791454974,1,0.7129213019623759
condition_19,condition,1,0.5623635848311624,0,0.47683090691129004,1,0.5694902774032624,1,0.6298588412726775
condition_2,condition,1,0.9999998226825971,1,0.5609399952247326,1,0.5,1,0.6967690677820813
condition_20,condition,1,0.7257517436780694,0,0.48362957986345717,0,0.3228144758625495,0,0.3414396145847333
condition_21,condition,1,0.909223144999401,1,0.6938049743543286,1,0.6599327931593348,1,0.978167730938569
condition_22,condition,1,0.8737235781124173,1,0.5621827605101584,1,0.7931543279735314,1,0.9433463149673452
condition_23,condition,1,0.9279211041656427,1,0.7964056582796024,1,0.770704212267891,1,0.9747808269216099
condition_3,condition,1,0.6834855870627622,0,0.4674866804866142,1,0.4530326341389731,1,0.9117168865936921
condition_4,condition,0,0.14169979334305177,0,0.2361308464234424,0,0.07633510154571899,0,0.13297921024494888
condition_5,condition,1,0.7076933067619829,1,0.6171447250742422,1,0.5588929900192035,1,0.9077210654974561
condition_6,condition,1,0.7618432782022421,1,0.6007410017295884,1,0.5944977658626087,1,0.8871931687941566
condition_7,condition,0,0.3180529960016096,0,0.42814500026771196,0,0.39736541337757086,0,0.09723587850273624
condition_8,condition,1,0.6948693637260039,1,0.6229303476798843,1,0.6074608509721326,1,0.8571745797138508
condition_9,condition,0,0.49695269927118985,0,0.43901898141020473,0,0.3914610674024685,1,0.5808058200499203
control_1,control,0,0.027733803711242292,0,0.14322444621916075,0,0.1232578490471244,0,0.04851248582387439
control_10,control,0,0.47146566666735307,0,0.15295958378393956,0,0.2290348769547254,0,0.052801340577082745
control_11,control,0,0.2487145462308609,0,0.3909697076493553,0,0.3389073509337624,0,0.07724922373537749
control_12,control,0,0.49491227166681717,0,0.4203888065579434,1,0.5169507786501895,0,0.08369744975808038
control_13,control,1,0.8323541142544301,1,0.6243061798592108,1,0.8148882615268124,0,0.06023025935726965
control_14,control,0,0.25057353282822215,0,0.13681304337370712,0,0.23527322675507845,0,0.08082671305832943
control_15,control,0,0.14881950047954617,0,0.07055147072096919,0,0.14760062766017928,0,0.014296274598576792
control_16,control,0,0.31335246489524277,0,0.2058786593957691,0,0.26484537900138483,0,0.02426660903279453
control_17,control,0,0.4971501271972392,0,0.32487603187358793,1,0.48613919786520815,0,0.12042267225165647
control_18,control,1,0.6226271043934146,0,0.31915922122409335,0,0.3955608382663764,0,0.0809113540262751
control_19,control,0,0.2430222450887775,1,0.6359080361718457,1,0.392600679570767,1,0.7852360203859627
control_2,control,0,0.3765914636647782,0,0.1672405523047347,0,0.16426552856156376,0,0.027825450661901306
control_20,control,1,0.6928155705263229,1,0.5513322362252254,1,0.6249891065429318,1,0.5520715101095911
control_21,control,0,0.1285933413716034,0,0.3761945261535753,0,0.35185410952088253,0,0.18365364345290408
control_22,control,0,0.3824936431963817,0,0.26622083363700416,0,0.24363713060191353,0,0.3247746189813614
control_23,control,0,0.38998886256793563,1,0.5042865298870783,0,0.36507311039903023,1,0.7224799787658452
control_24,control,0,0.1515013262692427,0,0.3291645250815881,0,0.3299674858704406,0,0.1575953576001233
control_25,control,1,0.5877138326146726,0,0.22701797369827115,0,0.24034197233039556,0,0.22212359763893133
control_26,control,0,0.43032563107657,0,0.20853749486360232,0,0.3800157672303336,0,0.02750998632269837
control_27,control,0,0.0035886841789175357,0,0.13293260753403052,0,0.23382199046152502,0,0.16978890288359128
control_28,control,0,0.04918559195826978,0,0.10789133333594793,0,0.15266295848801528,0,0.0299282014388937
control_29,control,0,0.2503961442127892,0,0.13307988114892338,0,0.19342390208755902,0,0.03381473617860705
control_3,control,0,0.0007130950447097453,0,0.36318337756677377,0,0.34677197885941724,0,0.08651578991782388
control_30,control,0,0.2267768697066587,0,0.22070686697385428,0,0.3788729597708332,0,0.014942227111723171
control_31,control,0,0.012509870901384607,0,0.29935141247546804,0,0.25224656261750944,0,0.1384497113572163
control_32,control,0,0.028586289951852018,0,0.43192418707500485,0,0.2959696154234301,0,0.46115649073159015
control_4,control,1,0.7160320511470782,1,0.6954763132474927,1,0.6069910284210092,1,0.7071909079250014
control_5,control,0,0.05675670265754778,0,0.36258324549914767,0,0.3344388659504475,0,0.06197254457598458
control_6,control,0,0.16292332420676603,0,0.31950356626210247,0,0.34111563060502387,0,0.03808742457230487
control_7,control,0,0.0011818447036042875,0,0.15905815994427622,0,0.27161184690453377,0,0.035609496380480145
control_8,control,0,0.017965345759773852,0,0.26084011177598476,0,0.17837977476667805,0,0.2269265494040899
control_9,control,1,0.7094761811310933,1,0.5508644879652799,1,0.516027376937809,0,0.48380039388969864
