subject_id,label,hourly_records,mean_activity,median_activity,activity_std,activity_min,activity_max,total_activity,daytime_mean_activity,nighttime_mean_activity,day_night_ratio,most_active_hour,least_active_hour,activity_cv,estimated_sleep_hours,estimated_wake_hours,estimated_sleep_periods,mean_night_activity,sleep_activity_threshold,sleep_regularity,mesor,amplitude,relative_amplitude,acrophase_hours,trough_hours,fitted_max,fitted_min,r_squared,rmse
condition_1,condition,388,146.84372852233676,79.1,198.57148966215644,0.0,1775.4,56975.36666666667,218.38995901639345,25.61261574074074,8.526655817859758,13,3,1.3522640133177444,57,331,9,25.61261574074074,7.073333333333333,0.3958333333333333,145.24634906045756,163.48391015270315,1.1255629570740835,14.53382513509078,2.53382513509078,308.7302592131607,-18.237561092245585,0.878430750286905,43.004917781456015
condition_10,condition,360,289.1708796296296,261.43333333333334,271.46795033276885,0.0,1184.5333333333333,104101.51666666666,426.0595555555555,61.023086419753085,6.98194045159998,18,3,0.9387803871553916,62,298,8,61.023086419753085,18.42333333333333,0.4592592592592592,289.1708796296297,266.5530636461575,0.9217839084888452,14.853761157563412,2.853761157563412,555.7239432757872,22.61781598347221,0.8946991737753048,64.66154122387034
condition_11,condition,384,129.16727430555554,50.81666666666666,166.6313627698027,0.0,950.25,49600.23333333332,161.2184027777778,75.74872685185184,2.128331517611989,15,8,1.2900431914017392,34,350,8,75.74872685185184,4.153333333333334,0.2361111111111111,129.16727430555557,114.19366782049153,0.8840758499738658,16.94796149206589,4.94796149206589,243.36094212604704,14.973606485064051,0.8735042085174312,30.727877450127185
condition_12,condition,370,151.09147361647362,81.73333333333333,171.84752936168186,0.0,1059.3166666666666,55903.84523809524,205.4156534954408,56.527160493827154,3.633928393022191,14,4,1.1373741035704956,40,330,5,56.527160493827154,5.453333333333333,0.2962962962962963,148.4687086640212,137.45251817765666,0.9258012642159248,15.924942074026973,3.9249420740269727,285.9212268416778,11.016190486364536,0.8995440362934886,32.47987511296197
condition_13,condition,432,221.2775308641976,178.98333333333335,214.8964171370689,0.0,906.4833333333332,95591.89333333334,293.3103456790124,101.22283950617285,2.897669608064349,10,4,0.9711623963707148,48,384,1,101.22283950617285,9.193333333333332,0.2962962962962963,221.2775308641976,146.1725504970535,0.6605846961784948,14.773988833413002,2.773988833413,367.4500813612512,75.10498036714412,0.7357299223930299,61.94633452105077
condition_14,condition,362,75.06148710865561,42.59166666666667,92.99665411416508,0.0,719.4166666666666,27172.25833333333,81.1724302496329,64.78604938271604,1.252930700714844,11,22,1.2389396706136042,47,315,10,64.78604938271604,2.543333333333333,0.3481481481481481,74.57904079861113,62.58376563117572,0.8391602380643813,8.846451694051984,20.846451694051986,137.16280642978683,11.995275167435407,0.7622359591108765,24.71582223981445
condition_15,condition,364,109.48111217014278,52.458333333333336,142.29702737919484,0.0,1099.25,39851.12482993197,146.51895850043076,46.65395061728395,3.1405477255799576,14,5,1.2997404260750784,42,322,9,46.65395061728395,8.593333333333334,0.3111111111111111,109.2407677862812,67.19006605253219,0.6150640224717473,14.81313902766814,2.813139027668143,176.43083383881338,42.05070173374901,0.5955467919389064,39.15311028413883
condition_16,condition,698,146.32726838586436,5.541666666666666,234.2244856546918,0.0,1501.8,102136.43333333332,215.93989321128907,29.77279693486589,7.252926007714422,11,2,1.600689251145199,82,616,16,29.77279693486589,0.0,0.3141762452107279,145.86781050447004,160.10992553954233,1.0976371345111529,14.397853145102758,2.397853145102758,305.9777360440124,-14.242115035072288,0.897581407663455,38.24333298551085
condition_17,condition,360,85.66363756613757,69.05000000000001,89.98641012552051,0.0,1046.0166666666669,30838.909523809525,109.21100529100528,46.41802469135803,2.3527714937714244,15,4,1.0504621643698646,48,312,9,46.41802469135803,7.73,0.3555555555555555,85.66363756613758,61.82452808336499,0.7217126173941967,15.674712751819255,3.674712751819257,147.48816564950258,23.839109482772592,0.6902515793835096,29.285096400000423
condition_18,condition,357,70.90073323447027,64.66666666666667,59.985652703934754,0.0,389.28333333333336,25311.561764705883,70.56739533651299,71.44888888888887,0.9876625995717484,15,10,0.8460512320170357,19,338,8,71.44888888888887,18.59,0.1407407407407407,70.67499961095551,20.997868509105885,0.2971046144279136,19.709035141381364,7.709035141381364,91.6728681200614,49.677131101849625,0.5063289967305102,14.660967250324155
condition_19,condition,355,156.94220657276998,116.71666666666668,169.24654213536624,0.0,828.7666666666667,55714.48333333334,228.53507575757575,40.272345679012346,5.674739623539615,14,2,1.0784004241516196,58,297,7,40.272345679012346,10.79,0.4296296296296296,158.46923941798948,132.91621589778046,0.8387508918825023,14.50194184328569,2.5019418432856924,291.38545531576995,25.553023520209024,0.7709042525027152,51.23553363673217
condition_2,condition,649,153.61448828744335,22.216666666666665,243.4498034893949,4.05,2095.983333333333,99695.80289855073,211.8374045120297,56.33669410150891,3.760202970560104,9,23,1.5848101712505902,58,591,14,56.33669410150891,9.0,0.2386831275720164,153.52837916634724,175.42286945358984,1.1426087502918274,10.59558810152935,22.59558810152935,328.9512486199371,-21.894490287242604,0.8474378340532869,52.630889634682966
condition_20,condition,432,54.75612518155411,16.875,74.53951279113244,0.0,484.6,23654.64607843137,76.87140522875818,17.89732510288066,4.295133758082394,11,5,1.3612999923567055,54,378,1,17.89732510288066,0.0,0.3333333333333333,54.75612518155412,40.99497229618232,0.7486828580411025,15.055406984991862,3.055406984991862,95.75109747773644,13.7611528853718,0.6735283072979881,20.181825108643206
condition_21,condition,343,79.18456754130223,26.4,112.97834635032424,0.0,875.6333333333333,27160.306666666664,114.35325652841782,18.61626984126984,6.142651428209941,10,5,1.4267722847813165,52,291,5,18.61626984126984,4.886666666666667,0.4126984126984127,78.36501851851854,76.0514480442044,0.9704769995841012,14.09452219065419,2.094522190654189,154.41646656272297,2.313570474314133,0.5774660676050097,46.00023502702702
condition_22,condition,364,161.49404390654394,144.925,143.14934613391722,0.0,652.1166666666667,58783.83198198199,231.18230850938272,43.282098765432096,5.341291552479428,10,6,0.8864063507924619,65,299,10,43.282098765432096,16.063333333333336,0.4814814814814814,160.4649183558559,125.36955689430836,0.7812895066339788,14.600118848508956,2.600118848508956,285.83447525016425,35.095361461547554,0.7869261400099397,46.12912256806387
condition_23,condition,525,202.60439153439157,48.78333333333333,245.22763264093456,0.0,1136.85,106367.30555555556,267.2932891607203,95.76969696969698,2.7910006778584258,16,7,1.2103766891909045,48,477,7,95.76969696969698,1.8300000000000007,0.2424242424242424,202.7541426166427,195.6438496747984,0.9649314541735992,16.74022249596339,4.740222495963391,398.397992291441,7.110292941844335,0.9080920010001424,44.01117185021546
condition_3,condition,361,265.1688019390582,189.78333333333333,272.05738591554814,4.633333333333334,1401.0333333333333,95725.9375,354.6000921828909,115.4541975308642,3.0713486366582394,15,4,1.0259781087598423,42,319,8,115.4541975308642,17.8,0.3111111111111111,264.08148943865746,251.65358392499712,0.9529391267063904,16.187309898628396,4.187309898628396,515.7350733636546,12.427905513660336,0.9131513727320584,54.87799211768576
condition_4,condition,361,274.93670360110804,182.46666666666667,319.56244131122287,0.0,1725.1166666666666,99252.15,361.64933628318585,129.7733333333333,2.7867769671467117,15,5,1.1623127691778108,44,317,9,129.7733333333333,6.5,0.3259259259259259,274.8552459490741,197.70506855969643,0.7193061492314675,15.97002169938113,3.970021699381128,472.56031450877055,77.15017738937769,0.8766199322064016,52.44687753864915
condition_5,condition,359,166.9053885685906,113.03333333333332,187.1928635616648,0.0,1210.5333333333333,59919.03449612403,229.1683831672204,63.59493827160493,3.603563261410441,13,5,1.1215507490025522,44,315,12,63.59493827160493,11.37666666666667,0.3259259259259259,166.8109721453181,159.1710851562778,0.954200332923036,15.170051020645682,3.17005102064568,325.9820573015959,7.639886989040292,0.6955771902479024,74.4586415184424
condition_6,condition,358,196.0987358544621,148.13333333333333,196.15775766662728,0.0,943.8333333333334,70203.34743589743,283.2174025526043,52.1916049382716,5.426493454025279,15,5,1.0003009800746954,56,302,7,52.1916049382716,10.24,0.4148148148148148,196.67560134310145,166.61481553208586,0.8471554905350237,14.808403328477628,2.8084033284776275,363.2904168751873,30.060785811015563,0.8485451167584699,49.774028232343056
condition_7,condition,370,261.51952380952383,87.925,354.10048197423305,0.0,1576.4666666666667,96762.2238095238,354.2419452887537,100.11382716049384,3.5383918019722063,19,4,1.3540116501288064,29,341,4,100.11382716049384,10.306666666666668,0.2148148148148148,257.6258345734128,221.62123127915015,0.8602445932727187,16.225397627305927,4.225397627305927,479.24706585256297,36.00460329426258,0.964813885788136,29.926797634528956
condition_8,condition,322,184.74029304029304,77.375,267.3327655051593,0.0,2172.95,59486.37435897436,245.21800500312693,78.7750712250712,3.112888394635726,15,5,1.447073408327074,32,290,3,78.7750712250712,7.773333333333333,0.2735042735042735,181.1132745726496,184.24084336414884,1.0172685784566535,16.596336484583134,4.596336484583134,365.3541179367985,-3.127568791499243,0.8717970863049441,49.95881819293042
condition_9,condition,340,178.59774509803918,144.325,168.44413333568048,0.0,715.6666666666666,60723.23333333332,238.3330218068536,77.14259259259258,3.089512729570083,11,5,0.943148152532469,49,291,11,77.14259259259258,21.36333333333333,0.3888888888888889,177.80812830687836,118.24737441066756,0.6650279463410406,15.242198570061667,3.242198570061668,296.0555027175459,59.5607538962108,0.626860521409341,64.50994162381635
control_1,control,861,98.454193502974,3.0,192.7943656074972,0.0,1775.2,84769.06060606061,131.57827250197138,43.281578947368416,3.0400525050616607,17,2,1.9582138530409416,101,760,16,43.281578947368416,0.0,0.3126934984520124,98.44782808241143,78.0114433584884,0.7924140621282616,15.470529764048896,3.470529764048898,176.45927144089984,20.43638472392304,0.8335502007105768,24.65012200268889
control_10,control,361,280.34724670528,187.78333333333333,291.4825866524876,0.0,1136.65,101205.35606060606,392.7606462858676,92.1588888888889,4.261777144030006,12,3,1.039719812047642,49,312,5,92.1588888888889,5.55,0.362962962962963,280.0436268939395,216.72421925064157,0.7738944879924768,13.094584046765007,1.0945840467650072,496.7678461445811,63.31940764329798,0.7448072124817149,89.70253375248798
control_11,control,413,162.93902961445332,102.06666666666666,188.0220515468928,0.0,1307.2333333333331,67293.81923076922,218.6343047337278,68.29346405228758,3.201394273489109,15,3,1.153941152048045,41,372,1,68.29346405228758,1.4566666666666672,0.2679738562091503,162.30247053237252,113.974370291939,0.7022343524290711,14.536071910445989,2.5360719104459903,276.27684082431153,48.32810024043352,0.7669817579354868,44.421646012227264
control_12,control,578,93.22885880995996,8.825,139.49696697853489,0.0,715.8,53886.280392156856,131.16675062290108,29.647762345679013,4.424170333449056,12,2,1.4962852571529273,56,522,5,29.647762345679013,1.7066666666666672,0.2592592592592592,93.08202982026144,83.5834005972736,0.8979542104815568,13.688259177595238,1.6882591775952385,176.66543041753505,9.49862922298786,0.8185394854103762,27.827634508117157
control_13,control,371,168.25476663356503,100.91666666666669,176.1254687523328,0.0,866.3666666666667,62422.51842105263,234.46907523044905,52.50234567901234,4.465878089789373,15,3,1.0467784793040011,52,319,7,52.50234567901234,13.65,0.3851851851851852,165.096642300195,151.66001358235462,0.9186135554870428,13.63284074700164,1.6328407470016408,316.7566558825496,13.436628717840364,0.9357217715609494,28.10701172861325
control_14,control,371,343.7068215389769,226.8,361.2316299441949,0.55,2044.9666666666667,127515.23079096046,464.4598056114143,132.61271604938273,3.502377595814095,13,4,1.050987665379317,47,324,9,132.61271604938273,20.816666666666663,0.3481481481481481,338.70290715238554,255.94859099002903,0.7556728495243633,14.33479552826672,2.334795528266717,594.6514981424145,82.7543161623565,0.8821318149964142,66.15600943601805
control_15,control,372,277.84059139784944,257.93333333333334,261.80963416167657,0.0,1218.2,103356.7,383.59472573839656,92.18333333333334,4.161215610975193,15,1,0.9423016012328538,55,317,7,92.18333333333334,11.53,0.4074074074074074,273.676863425926,209.8609830585679,0.7668203312165237,13.788976968169376,1.7889769681693792,483.5378464844939,63.81588036735809,0.7941417178244036,75.55302751318648
control_16,control,410,205.74117573483423,187.575,200.56848012064216,0.0,1251.0166666666669,84353.88205128204,282.0450014965579,77.57069716775598,3.635973528594201,15,3,0.9748582382903324,44,366,3,77.57069716775598,9.486666666666675,0.2875816993464052,205.59583490447469,153.1334536585265,0.7448276066958087,14.29484335007687,2.294843350076871,358.7292885630012,52.462381245948194,0.8637232318468607,43.01091600041697
control_17,control,482,176.68122406639006,75.69166666666666,212.06103286938625,0.0,1052.85,85160.35,247.0104304635761,58.68444444444445,4.20912957091068,15,3,1.2002465683037251,52,430,6,58.68444444444445,0.0,0.2888888888888888,176.4577083333334,143.07744356581082,0.8108313596339677,14.334549041993576,2.334549041993576,319.53515189914424,33.38026476752256,0.9116827078639216,31.488878097647326
control_18,control,411,241.10135557872783,201.7333333333333,254.48597372166887,0.0,1439.75,99092.65714285716,318.35047988187523,110.83812636165578,2.872210947008645,13,4,1.0555144873027082,37,374,3,110.83812636165578,2.3666666666666667,0.2418300653594771,240.52454676314977,191.969620005713,0.7981290167225636,15.400914747367157,3.4009147473671533,432.4941667688628,48.55492675743676,0.8066765495915229,66.45230661541305
control_19,control,461,169.1218245360328,79.11666666666666,204.5191229512621,0.0,1017.65,77965.16111111111,216.8398084291188,88.19658869395711,2.458596320335639,15,4,1.2093005944817468,43,418,4,88.19658869395711,0.0,0.2514619883040935,168.94920808966867,107.54024800646933,0.6365241318526514,14.934378110065538,2.9343781100655377,276.489456096138,61.40896008319936,0.7138666394171209,48.14284377063064
control_2,control,525,398.6022049062049,350.3,376.3541950660496,0.0,1660.4,209266.1575757576,563.1646510981374,126.82483164983164,4.440492005958716,16,4,0.9441849303232264,91,434,16,126.82483164983164,10.983333333333334,0.4595959595959596,399.6289299925664,328.1277602736723,0.8210810971061977,15.327742885880014,3.327742885880013,727.7566902662388,71.50116971889412,0.8896210544739426,81.72756700788982
control_20,control,532,229.7506023122322,18.641666666666666,305.09963982450887,0.0,1817.2,122227.32043010752,343.6749114673878,37.57525252525252,9.146310094294654,15,1,1.3279601304804285,42,490,5,37.57525252525252,0.6800000000000005,0.2121212121212121,229.01370631277723,211.25742487080677,0.9224662937085534,13.573018515977884,1.5730185159778856,440.271131183584,17.756281441970486,0.7975825784055881,75.25460811050588
control_21,control,533,172.0890243902439,32.166666666666664,221.1287516817021,0.0,1143.3,91723.45,175.1163184079602,166.9670875420875,1.0488074086087087,20,9,1.2849671991878548,66,467,9,166.9670875420875,0.0,0.3333333333333333,172.38021382301278,56.77430294352483,0.3293551022150168,18.97162978085876,6.971629780858759,229.1545167665376,115.60591087948796,0.5597373179668395,35.6041497650933
control_22,control,362,244.86781110234148,230.0,221.6387170624029,6.633333333333334,1430.1,88642.14761904761,338.34205999580445,87.69259259259259,3.858274114071344,16,5,0.9051361878257242,56,306,6,87.69259259259259,18.6,0.4148148148148148,244.4383850033069,177.1311248435468,0.7246452918642482,15.142937285786644,3.142937285786644,421.56950984685375,67.30726015976009,0.8211053994817838,58.462723750525214
control_23,control,362,189.54665800021664,186.4,170.77004336716527,0.0,884.4166666666666,68615.89019607843,250.150911289626,87.64172839506175,2.8542443864413904,18,5,0.900939352710561,51,311,8,87.64172839506175,12.73,0.3777777777777777,189.2189270152506,125.84505938967727,0.6650764877212016,14.735258554611349,2.735258554611349,315.0639864049279,63.37386762557334,0.7721176347322839,48.34313334669731
control_24,control,364,351.6574425574425,269.6083333333333,378.8100799468888,0.1333333333333333,2644.8166666666666,128003.30909090908,462.1014953023686,164.3116049382716,2.812348497697228,21,4,1.077213316436523,59,305,10,164.3116049382716,11.306666666666668,0.437037037037037,351.1279287668351,301.8212748107984,0.8595763825190375,16.91995531714708,4.919955317147078,652.9492035776335,49.30665395603671,0.8719114793754528,81.80008564767917
control_25,control,364,295.03621794871793,251.13333333333333,268.9449344999008,0.0,1102.8833333333334,107393.18333333332,402.119941775837,113.3904938271605,3.5463285166460485,8,4,0.9115658286625942,55,309,10,113.3904938271605,10.713333333333331,0.4074074074074074,293.9682233796297,208.27636857008255,0.7084995996356895,13.581032567004977,1.581032567004975,502.2445919497123,85.69185480954712,0.6952872446350518,97.49631137232836
control_26,control,557,231.64228007181327,15.95,300.66943831613133,0.0,1532.6,129024.75,317.9257619047619,85.7523349436393,3.707488106460524,14,4,1.2979903246631763,70,487,10,85.7523349436393,0.0,0.3381642512077294,230.8784558675524,187.3873701179838,0.8116277866371471,15.320792075937886,3.320792075937888,418.26582598553625,43.49108574956861,0.9428666905669616,32.61706373512597
control_27,control,342,314.06260721247565,275.1916666666666,268.9991878583036,1.0166666666666666,1200.5,107409.41166666668,395.4498996913581,174.54153439153436,2.2656492683528184,22,3,0.856514534620529,68,274,13,174.54153439153436,14.086666666666668,0.5396825396825397,313.17747949735457,197.7690704639969,0.6314919922767547,14.864834476873332,2.864834476873334,510.9465499613515,115.40840903335764,0.4990647600555594,140.105671038342
control_28,control,409,293.4624607055536,280.6666666666667,207.2606654107547,1.6,1288.6166666666666,120026.14642857145,382.74041573660713,144.08235294117645,2.656400370508011,15,2,0.7062595499010359,76,333,17,144.08235294117645,90.04,0.4967320261437908,293.441690171439,174.75571179195902,0.5955381176064675,15.038378241479114,3.038378241479116,468.197401963398,118.68597837948,0.7834272786971691,64.9709045998202
control_29,control,408,237.71147561588737,204.925,239.9152408243401,0.0,1290.75,96986.28205128205,326.3071845148316,90.05196078431372,3.62354335955416,14,4,1.0092707565032062,57,351,8,90.05196078431372,8.0,0.3725490196078431,237.71147561588745,173.46185280420252,0.7297159396902468,14.36776245911742,2.3677624591174222,411.17332842009,64.24962281168493,0.779636192463911,65.20983795766448
control_3,control,1091,76.94885426214482,0.0,164.30321409062802,0.0,1083.5833333333333,83951.2,107.54200879765396,25.935330073349636,4.146544828753149,16,5,2.135226257312286,290,801,14,25.935330073349636,0.0,0.7090464547677262,76.86210681696191,62.517916858887055,0.8133776115162461,14.68282738796245,2.682827387962448,139.38002367584895,14.344189958074857,0.8656273626254579,17.417243895316616
control_30,control,362,219.20390636067432,181.01666666666665,218.49377812494672,2.716666666666667,1312.9666666666667,79351.81410256411,312.4832486162882,62.35641975308642,5.011244228800058,16,2,0.996760421620593,68,294,9,62.35641975308642,23.126666666666665,0.5037037037037037,218.58612179487184,176.76312919213413,0.8086658372484153,14.148157365910716,2.1481573659107163,395.349250987006,41.82299260273771,0.791636631518005,64.12456427935639
control_31,control,857,147.40161616974478,0.0,300.80273321282164,0.0,3160.75,126323.18505747127,204.76582719876012,52.56418988648091,3.895538533761828,20,5,2.0407017306134767,195,662,13,52.56418988648091,0.0,0.6037151702786377,147.54630490558296,123.74769801626547,0.8387041484736161,16.317406150738783,4.317406150738783,271.29400292184846,23.798606889317483,0.74400306782411,51.32774069677614
control_32,control,861,68.20020172382175,0.0,142.48052907381137,0.0,886.2833333333333,58720.37368421052,82.66863138329094,44.10108359133127,1.874526080795455,15,6,2.089151138449553,194,667,11,44.10108359133127,0.0,0.6006191950464397,68.15473199781864,40.59725691433273,0.5956630702565463,17.367032058160195,5.367032058160195,108.75198891215138,27.55747508348591,0.7375331095673472,17.124905926446445
control_4,control,525,138.02673015873015,22.08333333333333,199.45528354072616,0.0,1150.4333333333334,72464.03333333334,185.01513761467888,60.4246632996633,3.061914250099095,15,3,1.4450482403760012,63,462,12,60.4246632996633,3.0,0.3181818181818182,138.70583964646465,127.82625407457088,0.9215636082833728,15.69337997417686,3.69337997417686,266.53209372103555,10.87958557189377,0.7922406665425166,46.28675876028506
control_5,control,786,133.81177230318454,4.074999999999999,229.8447738637985,0.0,984.9666666666668,105176.05303030304,191.92781805787945,38.125757575757575,5.034072245686144,9,1,1.7176722937577336,150,636,19,38.125757575757575,3.0,0.5050505050505051,134.4002727918389,102.57028687763707,0.7631702283558564,13.508224128023668,1.5082241280236666,236.970559669476,31.829985914201814,0.7886261214291399,37.54885096037565
control_6,control,860,152.26675763328586,6.308333333333334,269.6913625720399,0.0,1658.2666666666669,130949.41156462584,197.56175337919152,76.96207430340557,2.567001411634892,12,5,1.7711768922114668,68,792,9,76.96207430340557,3.0,0.2105263157894736,152.471989244772,100.68294204098191,0.6603373022132599,15.785570043246182,3.7855700432461816,253.15493128575395,51.78904720379008,0.818142677254163,33.565395783306215
control_7,control,859,162.7678308110206,5.65,339.11823878158344,0.0,4007.366666666667,139817.56666666668,204.45413557213928,93.59179566563466,2.184530536229592,23,6,2.0834475528233347,123,736,8,93.59179566563466,3.0,0.3808049535603715,162.90441798941802,99.74417471474273,0.612286492569047,16.1366964492565,4.136696449256501,262.6485927041608,63.160243274675295,0.6994276221929236,46.23551369068156
control_8,control,482,290.46828945485765,170.27499999999998,309.759704641676,0.0,1487.6833333333334,140005.7155172414,372.2750513815939,153.21472222222218,2.42976031273057,12,3,1.066414875176302,39,443,3,153.21472222222218,0.05,0.2166666666666666,290.1065321109288,160.51062503748523,0.5532816647372502,14.680077917325448,2.6800779173254483,450.6171571484141,129.59590707344358,0.6868133419072506,76.64274535514268
control_9,control,484,107.25983304835188,31.291666666666664,153.21583829397696,0.1,1479.6333333333334,51913.7591954023,151.305074107683,32.872314814814814,4.602811665684499,15,4,1.42845493918407,54,430,11,32.872314814814814,6.0,0.3,107.08168325807335,91.20185946529914,0.8517036405329669,15.375363037868912,3.375363037868912,198.2835427233725,15.879823792774232,0.9051732350865828,20.873165207966217
