,hourly_records,mean_activity,median_activity,activity_std,activity_min,activity_max,total_activity,daytime_mean_activity,nighttime_mean_activity,day_night_ratio,most_active_hour,least_active_hour,activity_cv,estimated_sleep_hours,estimated_wake_hours,estimated_sleep_periods,mean_night_activity,sleep_activity_threshold,sleep_regularity,mesor,amplitude,relative_amplitude,acrophase_hours,trough_hours,fitted_max,fitted_min,r_squared,rmse
hourly_records,,-0.2581670341338524,-0.5943107618363971,0.14554383132378257,-0.1483694756936555,0.2890301233654581,0.3562069760672337,-0.2864672235579213,-0.17709276698275728,-0.00971014152432974,0.03815966695686959,-0.0869046503684601,0.6276577725838124,0.4637749217531085,0.9538990388016421,0.22439833525663286,-0.17709276698275728,-0.6817570332446394,-0.15043594631310234,-0.2576255764280348,-0.254124149930414,-0.05046385818220437,0.0343284185488386,0.06013790252614628,-0.2678771756581822,-0.07659821678300265,0.18564779873467604,-0.3279789810039406
mean_activity,-0.2581670341338524,,0.8093657572119205,0.7746753246753249,0.33749027820477845,0.41832611832611843,0.7020923520923523,0.980880230880231,0.7850649350649352,-0.007575757575757578,0.21925589828249284,-0.29115876956724257,-0.5998556998557,-0.09633641549133452,-0.333766282577072,-0.12406603325677773,0.7850649350649352,0.46340592414910153,0.1083830939675395,0.9997113997113998,0.8795815295815297,-0.11262626262626264,-0.0660894660894661,-0.19307359307359312,0.9612554112554115,0.6126984126984127,0.2128427128427129,0.8105339105339108
median_activity,-0.5943107618363972,0.8093657572119205,,0.336892994599488,0.35689078181745393,0.06032181269761661,0.2510282133672347,0.8128292105725492,0.6424705983966248,-0.01385381344251482,0.10662004601127084,-0.22103192312513664,-0.8672342904457584,-0.244991544138757,-0.6620602566099254,-0.1782332639844173,0.6424705983966248,0.7273880756194002,0.20801385586764312,0.8056136827379061,0.6763835792194476,-0.16393679240309203,-0.12749837683814422,-0.2227433442554336,0.7715563913583905,0.5605022021950787,0.037953676410222896,0.7201818331757314
activity_std,0.14554383132378257,0.7746753246753249,0.336892994599488,,0.22208170621538934,0.7584415584415586,0.9012987012987015,0.7528138528138529,0.6322510822510824,-0.008152958152958155,0.26408530787765533,-0.2144354927886018,-0.04834054834054835,0.09767191469447403,0.10939134891078611,0.017713369419726805,0.6322510822510824,0.06901328366671898,-0.013060812255742111,0.7787157287157288,0.7748917748917751,0.040187590187590196,0.08304473304473306,0.015584415584415588,0.7841269841269842,0.38499278499278505,0.32294372294372303,0.6237373737373738
activity_min,-0.14836947569365552,0.33749027820477845,0.35689078181745393,0.2220817062153893,,0.3300987539434493,0.2077466288600843,0.32472309993521,0.2777421237590345,-0.030182057400427346,0.18069866039314697,-0.06199943416166087,-0.24593617087695158,0.13113054194327364,-0.22120970562063275,0.25254398347291707,0.2777421237590345,0.4860173922908934,0.1834953612982021,0.33749027820477845,0.3518813519560026,0.03152597090248719,-0.011591253955266159,0.11468061884244007,0.36890425631542734,0.13041560609572408,0.15471804192463962,0.3109479865390965
activity_max,0.28903012336545814,0.41832611832611843,0.06032181269761661,0.7584415584415586,0.33009875394344934,,0.6459595959595961,0.40649350649350663,0.317965367965368,0.00894660894660895,0.31968995702276254,-0.15238044190103794,0.2590909090909092,0.13214223196469677,0.2602374009543207,0.16992518598760417,0.317965367965368,-0.06253537188048788,-0.11531037560594416,0.42200577200577205,0.5135642135642137,0.18116883116883123,0.1862914862914863,0.1902597402597403,0.46940836940836955,0.08636363636363636,0.37106782106782116,0.3587301587301588
total_activity,0.3562069760672338,0.7020923520923523,0.25102821336723463,0.9012987012987015,0.2077466288600843,0.6459595959595961,,0.6703463203463205,0.57987012987013,-0.042929292929292935,0.21226854157775055,-0.2514920634607963,-0.06673881673881675,0.33430793566157374,0.29306923720392997,0.20524325384902267,0.57987012987013,0.0017370936633468858,0.09965183273580032,0.7060606060606062,0.6243145743145744,-0.1283549783549784,-0.00873015873015873,-0.06825396825396826,0.6727272727272728,0.4749639249639251,0.20995670995671,0.5770562770562772
daytime_mean_activity,-0.2864672235579213,0.980880230880231,0.8128292105725491,0.7528138528138529,0.3247230999352099,0.40649350649350663,0.6703463203463205,,0.6755411255411258,0.1296536796536797,0.1607092042090731,-0.36222062582652037,-0.6004329004329005,-0.08601336759679662,-0.3704224865656468,-0.11203977835422291,0.6755411255411258,0.49271937971808016,0.14991070420610075,0.9798701298701301,0.9272727272727276,-0.006854256854256856,-0.14740259740259742,-0.2783549783549784,0.9834054834054836,0.5215728715728716,0.28492063492063496,0.8145021645021647
nighttime_mean_activity,-0.17709276698275728,0.7850649350649352,0.6424705983966248,0.6322510822510824,0.27774212375903456,0.317965367965368,0.57987012987013,0.6755411255411258,,-0.5752525252525255,0.2829511709804596,0.08352433389605747,-0.4888167388167389,-0.20314025716943823,-0.17664249481108468,-0.08914642564815474,1.0,0.318430982162276,-0.08143163884312139,0.7875180375180377,0.5382395382395384,-0.4034632034632035,0.2808080808080809,0.2371572871572872,0.6634199134199136,0.7183261183261185,-0.03383838383838385,0.5779220779220781
day_night_ratio,-0.00971014152432974,-0.007575757575757578,-0.01385381344251482,-0.008152958152958155,-0.030182057400427342,0.00894660894660895,-0.042929292929292935,0.1296536796536797,-0.5752525252525255,,-0.2412476841216292,-0.4405614513249792,0.04653679653679655,0.23270171250379681,-0.10589169164022336,-0.03270996438857526,-0.5752525252525255,0.07549119545295008,0.2768026288012527,-0.011904761904761908,0.23860028860028865,0.5567099567099568,-0.5603174603174604,-0.6357142857142858,0.13412698412698415,-0.3750360750360751,0.3476911976911978,0.07813852813852815
most_active_hour,0.03815966695686959,0.21925589828249284,0.10662004601127084,0.26408530787765533,0.18069866039314697,0.31968995702276254,0.21226854157775055,0.16070920420907311,0.2829511709804596,-0.2412476841216292,,0.012966815520019546,-0.04674173879856565,0.16854168682746706,0.02418254905519392,0.061040448238925744,0.2829511709804596,0.061942001497701446,0.17766678441885558,0.21914557159768114,0.13801868269946255,-0.08855555234220777,0.5103344683774159,0.32829543843807674,0.15445735873640892,0.17207285274468032,0.18200225437773518,-0.004707271885300081
least_active_hour,-0.08690465036846011,-0.29115876956724257,-0.22103192312513664,-0.2144354927886018,-0.061999434161660864,-0.15238044190103794,-0.2514920634607963,-0.36222062582652037,0.08352433389605747,-0.4405614513249792,0.012966815520019546,,0.12326456494431368,-0.12798429183108825,-0.00816215193848236,0.06304898611090601,0.08352433389605747,-0.04112015904879847,-0.08862712711676873,-0.2846150497461606,-0.33350913604975063,-0.10723612762975337,0.4501564562311724,0.6644816616070593,-0.3375162453783907,-0.07301026721724038,-0.20465667552788377,-0.2507200515717922
activity_cv,0.6276577725838124,-0.5998556998557,-0.8672342904457584,-0.04834054834054835,-0.24593617087695158,0.2590909090909092,-0.06673881673881675,-0.6004329004329005,-0.4888167388167389,0.04653679653679655,-0.04674173879856565,0.12326456494431368,,0.2352283326178445,0.6598838296762131,0.14666959668808557,-0.4888167388167389,-0.7490492634157049,-0.2037775348630703,-0.5954545454545456,-0.4191919191919193,0.30165945165945174,0.14199134199134203,0.2372294372294373,-0.5310966810966812,-0.5476911976911979,0.13874458874458878,-0.522943722943723
estimated_sleep_hours,0.46377492175310847,-0.09633641549133452,-0.24499154413875698,0.09767191469447403,0.13113054194327367,0.13214223196469677,0.33430793566157374,-0.0860133675967966,-0.20314025716943823,0.23270171250379681,0.16854168682746706,-0.12798429183108828,0.23522833261784454,,0.31418312095120743,0.6574711630991293,-0.20314025716943823,-0.12732912525977777,0.6839521914925715,-0.09417074110786502,-0.10799496258901195,-0.057390371161941504,-0.06291284083978871,-0.0748240499488709,-0.10554053162107985,0.031582751425596745,-0.006605306869581947,-0.03003068478411027
estimated_wake_hours,0.953899038801642,-0.333766282577072,-0.6620602566099253,0.10939134891078611,-0.2212097056206328,0.26023740095432063,0.2930692372039299,-0.37042248656564675,-0.17664249481108468,-0.10589169164022336,0.02418254905519392,-0.008162151938482359,0.6598838296762131,0.31418312095120743,,0.17711664004282712,-0.17664249481108468,-0.7101319878891652,-0.31149078973803235,-0.3309521251842483,-0.3170978118657318,-0.06093733123691218,0.13417758133219446,0.16394270760244462,-0.3358227822102893,-0.11869971567166435,0.15254176226741545,-0.4041923752795306
estimated_sleep_periods,0.22439833525663286,-0.12406603325677773,-0.17823326398441733,0.01771336941972681,0.252543983472917,0.1699251859876042,0.20524325384902267,-0.11203977835422292,-0.08914642564815474,-0.03270996438857526,0.06104044823892574,0.063048986110906,0.14666959668808557,0.6574711630991293,0.17711664004282712,,-0.08914642564815474,0.08508670536978614,0.4859293013787456,-0.11808912946484537,-0.06987543887659102,0.017206238188896182,0.07643192121804408,0.2059315033765785,-0.0933483701321799,-0.04868459815973993,0.0072809555283539626,-0.010142624616612486
mean_night_activity,-0.17709276698275728,0.7850649350649352,0.6424705983966248,0.6322510822510824,0.27774212375903456,0.317965367965368,0.57987012987013,0.6755411255411258,1.0,-0.5752525252525255,0.2829511709804596,0.08352433389605747,-0.4888167388167389,-0.20314025716943823,-0.17664249481108468,-0.08914642564815474,,0.318430982162276,-0.08143163884312139,0.7875180375180377,0.5382395382395384,-0.4034632034632035,0.2808080808080809,0.2371572871572872,0.6634199134199136,0.7183261183261185,-0.03383838383838385,0.5779220779220781
sleep_activity_threshold,-0.6817570332446394,0.4634059241491015,0.7273880756194001,0.06901328366671898,0.4860173922908934,-0.06253537188048788,0.0017370936633468858,0.4927193797180802,0.318430982162276,0.07549119545295006,0.061942001497701446,-0.04112015904879847,-0.749049263415705,-0.12732912525977777,-0.7101319878891651,0.08508670536978614,0.318430982162276,,0.2904208290013519,0.4608726625567206,0.4355762360842316,-0.04223308969012116,-0.08765085109637827,-0.11153588896739795,0.47390086503182227,0.2751483983838828,0.014367212173931533,0.4559508971772378
sleep_regularity,-0.15043594631310236,0.1083830939675395,0.20801385586764312,-0.013060812255742111,0.1834953612982021,-0.11531037560594418,0.09965183273580032,0.14991070420610078,-0.08143163884312139,0.2768026288012527,0.17766678441885558,-0.08862712711676873,-0.2037775348630703,0.6839521914925714,-0.3114907897380324,0.4859293013787456,-0.08143163884312139,0.29042082900135197,,0.10697598988473857,0.05985604290684023,-0.08922483068632663,-0.15160644502383522,-0.22899716957788724,0.08900835313512649,0.1580646919679729,-0.15351866339276984,0.22134829610214876
mesor,-0.25762557642803474,0.9997113997113998,0.805613682737906,0.7787157287157288,0.33749027820477845,0.42200577200577205,0.7060606060606062,0.9798701298701301,0.7875180375180377,-0.011904761904761908,0.21914557159768114,-0.2846150497461606,-0.5954545454545456,-0.09417074110786502,-0.3309521251842483,-0.11808912946484537,0.7875180375180377,0.4608726625567206,0.10697598988473857,,0.8790764790764793,-0.11341991341991345,-0.059956709956709965,-0.186940836940837,0.9609668109668111,0.6132756132756133,0.21060606060606063,0.8123376623376626
amplitude,-0.254124149930414,0.8795815295815297,0.6763835792194475,0.7748917748917751,0.3518813519560027,0.5135642135642137,0.6243145743145744,0.9272727272727276,0.5382395382395384,0.23860028860028865,0.13801868269946255,-0.33350913604975063,-0.4191919191919193,-0.10799496258901195,-0.3170978118657319,-0.06987543887659102,0.5382395382395384,0.4355762360842316,0.05985604290684023,0.8790764790764793,,0.30966810966810976,-0.12178932178932181,-0.16940836940836945,0.9709956709956711,0.21818181818181825,0.4755411255411256,0.7390331890331892
relative_amplitude,-0.05046385818220437,-0.11262626262626264,-0.163936792403092,0.040187590187590196,0.03152597090248719,0.18116883116883123,-0.1283549783549784,-0.006854256854256856,-0.4034632034632035,0.5567099567099568,-0.08855555234220779,-0.10723612762975336,0.30165945165945174,-0.05739037116194151,-0.06093733123691218,0.017206238188896182,-0.4034632034632035,-0.04223308969012116,-0.08922483068632663,-0.11341991341991345,0.30966810966810976,,-0.13419913419913423,0.004689754689754691,0.1176767676767677,-0.8175324675324677,0.6092352092352094,-0.04862914862914864
acrophase_hours,0.0343284185488386,-0.0660894660894661,-0.1274983768381442,0.08304473304473306,-0.011591253955266159,0.1862914862914863,-0.00873015873015873,-0.14740259740259742,0.2808080808080809,-0.5603174603174604,0.5103344683774158,0.4501564562311724,0.14199134199134203,-0.06291284083978872,0.13417758133219446,0.07643192121804408,0.2808080808080809,-0.08765085109637828,-0.15160644502383525,-0.059956709956709965,-0.12178932178932181,-0.13419913419913423,,0.7896825396825398,-0.11623376623376626,0.03232323232323233,0.05223665223665225,-0.20851370851370857
trough_hours,0.06013790252614628,-0.19307359307359312,-0.22274334425543357,0.015584415584415588,0.11468061884244006,0.1902597402597403,-0.06825396825396826,-0.2783549783549784,0.2371572871572872,-0.6357142857142858,0.3282954384380768,0.6644816616070593,0.2372294372294373,-0.0748240499488709,0.16394270760244462,0.2059315033765785,0.2371572871572872,-0.11153588896739795,-0.22899716957788724,-0.186940836940837,-0.16940836940836945,0.004689754689754691,0.7896825396825398,,-0.19956709956709962,-0.1422799422799423,0.040331890331890344,-0.26010101010101017
fitted_max,-0.26787717565818214,0.9612554112554115,0.7715563913583905,0.7841269841269842,0.36890425631542734,0.46940836940836955,0.6727272727272728,0.9834054834054836,0.6634199134199136,0.13412698412698415,0.1544573587364089,-0.33751624537839064,-0.5310966810966812,-0.10554053162107986,-0.3358227822102893,-0.09334837013217992,0.6634199134199136,0.47390086503182227,0.08900835313512649,0.9609668109668111,0.9709956709956711,0.1176767676767677,-0.11623376623376626,-0.19956709956709962,,0.4077200577200578,0.36038961038961054,0.8002886002886005
fitted_min,-0.07659821678300263,0.6126984126984127,0.5605022021950787,0.38499278499278505,0.13041560609572408,0.08636363636363636,0.4749639249639251,0.5215728715728716,0.7183261183261185,-0.3750360750360751,0.17207285274468032,-0.07301026721724038,-0.5476911976911979,0.031582751425596745,-0.11869971567166436,-0.04868459815973993,0.7183261183261185,0.2751483983838827,0.1580646919679729,0.6132756132756133,0.21818181818181825,-0.8175324675324677,0.03232323232323233,-0.1422799422799423,0.4077200577200578,,-0.33448773448773456,0.4642135642135643
r_squared,0.18564779873467602,0.2128427128427129,0.037953676410222896,0.32294372294372303,0.15471804192463962,0.37106782106782116,0.20995670995671,0.28492063492063496,-0.03383838383838385,0.3476911976911978,0.18200225437773518,-0.20465667552788377,0.13874458874458878,-0.006605306869581947,0.15254176226741545,0.0072809555283539626,-0.03383838383838385,0.014367212173931533,-0.15351866339276984,0.21060606060606063,0.4755411255411256,0.6092352092352094,0.05223665223665225,0.040331890331890344,0.36038961038961054,-0.33448773448773456,,-0.1495670995670996
rmse,-0.3279789810039406,0.8105339105339108,0.7201818331757313,0.6237373737373738,0.31094798653909655,0.3587301587301588,0.5770562770562772,0.8145021645021647,0.5779220779220781,0.07813852813852815,-0.004707271885300081,-0.2507200515717922,-0.522943722943723,-0.030030684784110275,-0.4041923752795306,-0.010142624616612488,0.5779220779220781,0.45595089717723775,0.22134829610214876,0.8123376623376626,0.7390331890331892,-0.04862914862914864,-0.20851370851370857,-0.26010101010101017,0.8002886002886005,0.4642135642135643,-0.1495670995670996,
