feature,label,n,mean,median,std,min,max,q25,q75
hourly_records,condition,23,400.60869565217394,362.0,95.63174593219307,322.0,698.0,358.5,386.0
hourly_records,control,32,531.75,471.5,203.907157874014,342.0,1091.0,371.0,562.25
mean_activity,condition,23,163.54557131906714,156.94220657276998,67.8008603119747,54.75612518155411,289.1708796296296,119.32419323784916,199.35156369442683
mean_activity,control,32,208.50630202712466,197.64391686752543,84.60787123891527,68.20020172382175,398.6022049062049,151.0504722674006,278.46725522470706
median_activity,condition,23,95.88405797101449,79.1,65.73095472105925,5.541666666666666,261.43333333333334,49.8,144.625
median_activity,control,32,123.97265625,101.49166666666667,110.35660344938671,0.0,350.3,14.16875,210.39375
activity_std,condition,23,191.14539095879093,187.1928635616648,77.88656599353068,59.985652703934754,354.10048197423305,142.72318675655603,244.33871806516473
activity_std,control,32,242.7923019800229,225.7417454631007,66.90276186852056,139.49696697853489,378.8100799468888,197.79005405741893,293.7792995683985
activity_min,condition,23,0.377536231884058,0.0,1.2539393350361145,0.0,4.633333333333334,0.0,0.0
activity_min,control,32,0.39843750000000006,0.0,1.272858095285868,0.0,6.633333333333334,0.0,0.0
activity_max,condition,23,1150.0565217391302,1059.3166666666666,477.78118173456244,389.28333333333336,2172.95,852.2,1451.4166666666665
activity_max,control,32,1469.7875,1289.6833333333334,682.3778085636077,715.8,4007.366666666667,1098.0583333333334,1564.0166666666667
total_activity,condition,23,65257.90523789487,59486.37435897436,28952.256798719074,23654.64607843137,106367.30555555556,44725.67908163265,96244.0806547619
total_activity,control,32,100156.6305109509,98039.4695970696,32450.674198497447,51913.7591954023,209266.1575757576,79005.15085470086,123251.28658694845
daytime_mean_activity,condition,23,222.79584891715524,228.53507575757575,96.77115681256656,70.56739533651299,426.0595555555555,153.8686806391043,275.2553458566623
daytime_mean_activity,control,32,280.87504807155295,266.097956393092,116.23787826296731,82.66863138329094,563.1646510981374,196.1532695488635,374.8913924703472
nighttime_mean_activity,condition,23,63.84496239302134,61.023086419753085,30.11557453550197,17.89732510288066,129.7733333333333,44.85006172839506,77.95883190883188
nighttime_mean_activity,control,32,86.40468974001357,86.69703166935052,42.60474790022131,25.935330073349636,174.54153439153436,52.54872883461377,111.47621822803197
day_night_ratio,condition,23,3.990841720506925,3.5383918019722063,1.931126525037764,0.9876625995717484,8.526655817859758,2.8443351429613877,5.383892503252354
day_night_ratio,control,32,3.5937689419445795,3.584935938100104,1.3902874638428744,1.0488074086087087,9.146310094294654,2.7733614658999235,4.222291464190512
most_active_hour,condition,23,13.434782608695652,14.0,2.6599057904800407,9.0,19.0,11.0,15.0
most_active_hour,control,32,15.28125,15.0,3.3334509387855586,8.0,23.0,13.75,16.0
least_active_hour,condition,23,6.3478260869565215,5.0,5.398726244151351,2.0,23.0,4.0,5.5
least_active_hour,control,32,3.65625,4.0,1.6580084244309108,1.0,9.0,3.0,4.25
activity_cv,condition,23,1.188171676807118,1.1623127691778108,0.21736951627445034,0.8460512320170357,1.600689251145199,1.0131395444172688,1.3531378317232754
activity_cv,control,32,1.2851313800444975,1.1155772342422838,0.41472321275220964,0.7062595499010359,2.135226257312286,0.9912848757880278,1.4578574945702327
estimated_sleep_hours,condition,23,48.26086956521739,48.0,13.246671593286944,19.0,82.0,42.0,56.5
estimated_sleep_hours,control,32,78.5,56.5,55.72397410740354,37.0,290.0,50.5,71.5
estimated_wake_hours,condition,23,352.3478260869565,319.0,89.30876404904717,290.0,616.0,300.5,345.5
estimated_wake_hours,control,32,453.25,424.0,160.99669401534607,274.0,801.0,318.5,498.0
estimated_sleep_periods,condition,23,7.869565217391305,8.0,3.6718133719914436,1.0,16.0,6.0,9.5
estimated_sleep_periods,control,32,8.96875,9.0,4.446705014262917,1.0,19.0,5.75,11.25
mean_night_activity,condition,23,63.84496239302134,61.023086419753085,30.11557453550197,17.89732510288066,129.7733333333333,44.85006172839506,77.95883190883188
mean_night_activity,control,32,86.40468974001357,86.69703166935052,42.60474790022131,25.935330073349636,174.54153439153436,52.54872883461377,111.47621822803197
sleep_activity_threshold,condition,23,9.116666666666667,8.593333333333334,6.007960459997127,0.0,21.36333333333333,5.17,11.083333333333336
sleep_activity_threshold,control,32,8.9025,3.0,16.26007774629052,0.0,90.04,0.037500000000000006,11.3625
sleep_regularity,condition,23,0.3281201773559761,0.3259259259259259,0.08331167133025702,0.1407407407407407,0.4814814814814814,0.28490028490028485,0.3923611111111111
sleep_regularity,control,32,0.3797163475405555,0.36775599128540304,0.12347089468872809,0.2105263157894736,0.7090464547677262,0.2885620915032679,0.44267676767676767
mesor,condition,23,162.89849427723115,158.46923941798948,67.57107623592269,54.75612518155412,289.1708796296297,119.20402104591838,199.71487197987207
mesor,control,32,207.9589088218894,197.40738095986265,84.21300493058226,68.15473199781864,399.6289299925664,151.24056815997474,275.26855429292937
amplitude,condition,23,141.13977298250742,146.1725504970535,65.25861902958765,20.997868509105885,266.5530636461575,95.12255793234797,179.83185640886933
amplitude,control,32,154.19541407620005,152.39673362044056,67.74933467796656,40.59725691433273,328.1277602736723,102.09845066847328,193.419482620284
relative_amplitude,condition,23,0.8500595643858283,0.8602445932727187,0.18973170886596902,0.2971046144279136,1.1426087502918274,0.7351977377176495,0.9595658935483176
relative_amplitude,control,32,0.744241989354107,0.7649952797861901,0.1261569444340437,0.3293551022150168,0.9224662937085534,0.6638916913442162,0.815303482913734
acrophase_hours,condition,23,15.054921284617416,15.055406984991862,2.088359013274388,8.846451694051984,19.709035141381364,14.566971991799868,16.078665799004764
acrophase_hours,control,32,14.97027562703563,14.800046515742341,1.242997329495335,13.094584046765007,18.97162978085876,14.258171854035332,15.418318501537591
trough_hours,condition,23,5.141877806356546,3.242198570061668,5.375529182932472,2.094522190654189,22.59558810152935,2.791196080945314,4.41086705594453
trough_hours,control,32,2.9702756270356305,2.8000465157423413,1.2429973294953347,1.0945840467650072,6.971629780858759,2.258171854035332,3.4183185015375894
fitted_max,condition,23,304.03826725973863,305.9777360440124,130.14951425575345,91.6728681200614,555.7239432757872,209.89588798243022,366.4020996490249
fitted_max,control,32,362.1543228980895,339.1322202310727,149.207578680934,108.75198891215138,727.7566902662388,260.2751773495591,455.01221835216006
fitted_min,condition,23,21.75872129472374,14.973606485064051,26.649190262574624,-21.894490287242604,77.15017738937769,7.375089965442314,35.54998237790507
fitted_min,control,32,53.76349474568937,50.5478505799134,33.176852799258626,9.49862922298786,129.59590707344358,26.617758034943805,65.01403214870372
r_squared,condition,23,0.7867640232178152,0.8474378340532869,0.1272555881390683,0.5063289967305102,0.964813885788136,0.692914384815706,0.8865649620311049
r_squared,control,32,0.7910438923887934,0.79319119218346,0.09720985889026881,0.4990647600555594,0.9428666905669616,0.7446061763173136,0.86419926454151
rmse,condition,23,44.13133695360938,46.00023502702702,15.183571117305512,14.660967250324155,74.4586415184424,31.60387628154458,52.53888358666606
rmse,control,32,54.32037094764912,48.242988558663974,27.017360081407276,17.124905926446445,140.105671038342,33.32831277126115,68.65288198918626
