feature,n,missing,missing_percent,mean,std,min,max
hourly_records,55,0,0.0,476.90909090909093,178.48449177649525,322.0,1091.0
mean_activity,55,0,0.0,189.70454191284605,80.51882717365285,54.75612518155411,398.6022049062049
median_activity,55,0,0.0,112.22651515151513,94.58937641937733,0.0,350.3
activity_std,55,0,0.0,221.19450282568963,75.51171739369474,59.985652703934754,378.8100799468888
activity_min,55,0,0.0,0.38969696969696976,1.2533144982704898,0.0,6.633333333333334
activity_max,55,0,0.0,1336.081818181818,621.003752898416,389.28333333333336,4007.366666666667
total_activity,55,0,0.0,85562.61812403654,35324.8316506238,23654.64607843137,209266.1575757576
daytime_mean_activity,55,0,0.0,256.587382970623,111.38941405770781,70.56739533651299,563.1646510981374
nighttime_mean_activity,55,0,0.0,76.97062194036226,39.21297806207351,17.89732510288066,174.54153439153436
day_night_ratio,55,0,0.0,3.759817558434287,1.6334083710541503,0.9876625995717484,9.146310094294654
most_active_hour,55,0,0.0,14.50909090909091,3.1790560401473433,8.0,23.0
least_active_hour,55,0,0.0,4.781818181818182,3.9048446125052725,1.0,23.0
activity_cv,55,0,0.0,1.2445845950543206,0.3468682565592253,0.7062595499010359,2.135226257312286
estimated_sleep_hours,55,0,0.0,65.85454545454546,45.614495008518446,19.0,290.0
estimated_wake_hours,55,0,0.0,411.05454545454546,143.70976643811292,274.0,801.0
estimated_sleep_periods,55,0,0.0,8.50909090909091,4.140463059059257,1.0,19.0
mean_night_activity,55,0,0.0,76.97062194036226,39.21297806207351,17.89732510288066,174.54153439153436
sleep_activity_threshold,55,0,0.0,8.992060606060607,12.903352078131713,0.0,90.04
sleep_regularity,55,0,0.0,0.3581397672815495,0.11063117592505108,0.1407407407407407,0.7090464547677262
mesor,55,0,0.0,189.1154627395778,80.21573174940208,54.75612518155412,399.6289299925664
amplitude,55,0,0.0,148.73578234611043,66.42472660598233,20.997868509105885,328.1277602736723
relative_amplitude,55,0,0.0,0.788492975276463,0.16302592999374158,0.2971046144279136,1.1426087502918274
acrophase_hours,55,0,0.0,15.005672902024381,1.6326503476682144,8.846451694051984,19.709035141381364
trough_hours,55,0,0.0,3.8784001747516506,3.7186266606266942,1.0945840467650072,22.59558810152935
fitted_max,55,0,0.0,337.85124508568816,143.24302256081543,91.6728681200614,727.7566902662388
fitted_min,55,0,0.0,40.379680393467375,34.27903640980573,-21.894490287242604,129.59590707344358
r_squared,55,0,0.0,0.7892541289172935,0.10966744670604464,0.4990647600555594,0.964813885788136
rmse,55,0,0.0,50.05950218650523,23.2096806083714,14.660967250324155,140.105671038342
