subject_id,label,hourly_records,median_activity,activity_max,total_activity,nighttime_mean_activity,day_night_ratio,most_active_hour,least_active_hour,activity_cv,estimated_sleep_hours,estimated_sleep_periods,sleep_regularity,mesor,relative_amplitude,trough_hours,fitted_min,rmse
condition_1,condition,388,79.1,1775.4,56975.36666666667,25.61261574074074,8.526655817859758,13,3,1.3522640133177444,57,9,0.3958333333333333,145.24634906045756,1.1255629570740835,2.53382513509078,-18.237561092245585,43.004917781456015
condition_10,condition,360,261.43333333333334,1184.5333333333333,104101.51666666666,61.023086419753085,6.98194045159998,18,3,0.9387803871553916,62,8,0.4592592592592592,289.1708796296297,0.9217839084888452,2.853761157563412,22.61781598347221,64.66154122387034
condition_11,condition,384,50.81666666666666,950.25,49600.23333333332,75.74872685185184,2.128331517611989,15,8,1.2900431914017392,34,8,0.2361111111111111,129.16727430555557,0.8840758499738658,4.94796149206589,14.973606485064051,30.727877450127185
condition_12,condition,370,81.73333333333333,1059.3166666666666,55903.84523809524,56.527160493827154,3.633928393022191,14,4,1.1373741035704956,40,5,0.2962962962962963,148.4687086640212,0.9258012642159248,3.9249420740269727,11.016190486364536,32.47987511296197
condition_13,condition,432,178.98333333333335,906.4833333333332,95591.89333333334,101.22283950617285,2.897669608064349,10,4,0.9711623963707148,48,1,0.2962962962962963,221.2775308641976,0.6605846961784948,2.773988833413,75.10498036714412,61.94633452105077
condition_14,condition,362,42.59166666666667,719.4166666666666,27172.25833333333,64.78604938271604,1.252930700714844,11,22,1.2389396706136042,47,10,0.3481481481481481,74.57904079861113,0.8391602380643813,20.846451694051986,11.995275167435407,24.71582223981445
condition_15,condition,364,52.458333333333336,1099.25,39851.12482993197,46.65395061728395,3.1405477255799576,14,5,1.2997404260750784,42,9,0.3111111111111111,109.2407677862812,0.6150640224717473,2.813139027668143,42.05070173374901,39.15311028413883
condition_16,condition,698,5.541666666666666,1501.8,102136.43333333332,29.77279693486589,7.252926007714422,11,2,1.600689251145199,82,16,0.3141762452107279,145.86781050447004,1.0976371345111529,2.397853145102758,-14.242115035072288,38.24333298551085
condition_17,condition,360,69.05000000000001,1046.0166666666669,30838.909523809525,46.41802469135803,2.3527714937714244,15,4,1.0504621643698646,48,9,0.3555555555555555,85.66363756613758,0.7217126173941967,3.674712751819257,23.839109482772592,29.285096400000423
condition_18,condition,357,64.66666666666667,389.28333333333336,25311.561764705883,71.44888888888887,0.9876625995717484,15,10,0.8460512320170357,19,8,0.1407407407407407,70.67499961095551,0.2971046144279136,7.709035141381364,49.677131101849625,14.660967250324155
condition_19,condition,355,116.71666666666668,828.7666666666667,55714.48333333334,40.272345679012346,5.674739623539615,14,2,1.0784004241516196,58,7,0.4296296296296296,158.46923941798948,0.8387508918825023,2.5019418432856924,25.553023520209024,51.23553363673217
condition_2,condition,649,22.216666666666665,2095.983333333333,99695.80289855073,56.33669410150891,3.760202970560104,9,23,1.5848101712505902,58,14,0.2386831275720164,153.52837916634724,1.1426087502918274,22.59558810152935,-21.894490287242604,52.630889634682966
condition_20,condition,432,16.875,484.6,23654.64607843137,17.89732510288066,4.295133758082394,11,5,1.3612999923567055,54,1,0.3333333333333333,54.75612518155412,0.7486828580411025,3.055406984991862,13.7611528853718,20.181825108643206
condition_21,condition,343,26.4,875.6333333333333,27160.306666666664,18.61626984126984,6.142651428209941,10,5,1.4267722847813165,52,5,0.4126984126984127,78.36501851851854,0.9704769995841012,2.094522190654189,2.313570474314133,46.00023502702702
condition_22,condition,364,144.925,652.1166666666667,58783.83198198199,43.282098765432096,5.341291552479428,10,6,0.8864063507924619,65,10,0.4814814814814814,160.4649183558559,0.7812895066339788,2.600118848508956,35.095361461547554,46.12912256806387
condition_23,condition,525,48.78333333333333,1136.85,106367.30555555556,95.76969696969698,2.7910006778584258,16,7,1.2103766891909045,48,7,0.2424242424242424,202.7541426166427,0.9649314541735992,4.740222495963391,7.110292941844335,44.01117185021546
condition_3,condition,361,189.78333333333333,1401.0333333333333,95725.9375,115.4541975308642,3.0713486366582394,15,4,1.0259781087598423,42,8,0.3111111111111111,264.08148943865746,0.9529391267063904,4.187309898628396,12.427905513660336,54.87799211768576
condition_4,condition,361,182.46666666666667,1725.1166666666666,99252.15,129.7733333333333,2.7867769671467117,15,5,1.1623127691778108,44,9,0.3259259259259259,274.8552459490741,0.7193061492314675,3.970021699381128,77.15017738937769,52.44687753864915
condition_5,condition,359,113.03333333333332,1210.5333333333333,59919.03449612403,63.59493827160493,3.603563261410441,13,5,1.1215507490025522,44,12,0.3259259259259259,166.8109721453181,0.954200332923036,3.17005102064568,7.639886989040292,74.4586415184424
condition_6,condition,358,148.13333333333333,943.8333333333334,70203.34743589743,52.1916049382716,5.426493454025279,15,5,1.0003009800746954,56,7,0.4148148148148148,196.67560134310145,0.8471554905350237,2.8084033284776275,30.060785811015563,49.774028232343056
condition_7,condition,370,87.925,1576.4666666666667,96762.2238095238,100.11382716049384,3.5383918019722063,19,4,1.3540116501288064,29,4,0.2148148148148148,257.6258345734128,0.8602445932727187,4.225397627305927,36.00460329426258,29.926797634528956
condition_8,condition,322,77.375,2172.95,59486.37435897436,78.7750712250712,3.112888394635726,15,5,1.447073408327074,32,3,0.2735042735042735,181.1132745726496,1.0172685784566535,4.596336484583134,-3.127568791499243,49.95881819293042
condition_9,condition,340,144.325,715.6666666666666,60723.23333333332,77.14259259259258,3.089512729570083,11,5,0.943148152532469,49,11,0.3888888888888889,177.80812830687836,0.6650279463410406,3.242198570061668,59.5607538962108,64.50994162381635
control_1,control,861,3.0,1775.2,84769.06060606061,43.281578947368416,3.0400525050616607,17,2,1.9582138530409416,101,16,0.3126934984520124,98.44782808241143,0.7924140621282616,3.470529764048898,20.43638472392304,24.65012200268889
control_10,control,361,187.78333333333333,1136.65,101205.35606060606,92.1588888888889,4.261777144030006,12,3,1.039719812047642,49,5,0.362962962962963,280.0436268939395,0.7738944879924768,1.0945840467650072,63.31940764329798,89.70253375248798
control_11,control,413,102.06666666666666,1307.2333333333331,67293.81923076922,68.29346405228758,3.201394273489109,15,3,1.153941152048045,41,1,0.2679738562091503,162.30247053237252,0.7022343524290711,2.5360719104459903,48.32810024043352,44.421646012227264
control_12,control,578,8.825,715.8,53886.280392156856,29.647762345679013,4.424170333449056,12,2,1.4962852571529273,56,5,0.2592592592592592,93.08202982026144,0.8979542104815568,1.6882591775952385,9.49862922298786,27.827634508117157
control_13,control,371,100.91666666666669,866.3666666666667,62422.51842105263,52.50234567901234,4.465878089789373,15,3,1.0467784793040011,52,7,0.3851851851851852,165.096642300195,0.9186135554870428,1.6328407470016408,13.436628717840364,28.10701172861325
control_14,control,371,226.8,2044.9666666666667,127515.23079096046,132.61271604938273,3.502377595814095,13,4,1.050987665379317,47,9,0.3481481481481481,338.70290715238554,0.7556728495243633,2.334795528266717,82.7543161623565,66.15600943601805
control_15,control,372,257.93333333333334,1218.2,103356.7,92.18333333333334,4.161215610975193,15,1,0.9423016012328538,55,7,0.4074074074074074,273.676863425926,0.7668203312165237,1.7889769681693792,63.81588036735809,75.55302751318648
control_16,control,410,187.575,1251.0166666666669,84353.88205128204,77.57069716775598,3.635973528594201,15,3,0.9748582382903324,44,3,0.2875816993464052,205.59583490447469,0.7448276066958087,2.294843350076871,52.462381245948194,43.01091600041697
control_17,control,482,75.69166666666666,1052.85,85160.35,58.68444444444445,4.20912957091068,15,3,1.2002465683037251,52,6,0.2888888888888888,176.4577083333334,0.8108313596339677,2.334549041993576,33.38026476752256,31.488878097647326
control_18,control,411,201.7333333333333,1439.75,99092.65714285716,110.83812636165578,2.872210947008645,13,4,1.0555144873027082,37,3,0.2418300653594771,240.52454676314977,0.7981290167225636,3.4009147473671533,48.55492675743676,66.45230661541305
control_19,control,461,79.11666666666666,1017.65,77965.16111111111,88.19658869395711,2.458596320335639,15,4,1.2093005944817468,43,4,0.2514619883040935,168.94920808966867,0.6365241318526514,2.9343781100655377,61.40896008319936,48.14284377063064
control_2,control,525,350.3,1660.4,209266.1575757576,126.82483164983164,4.440492005958716,16,4,0.9441849303232264,91,16,0.4595959595959596,399.6289299925664,0.8210810971061977,3.327742885880013,71.50116971889412,81.72756700788982
control_20,control,532,18.641666666666666,1817.2,122227.32043010752,37.57525252525252,9.146310094294654,15,1,1.3279601304804285,42,5,0.2121212121212121,229.01370631277723,0.9224662937085534,1.5730185159778856,17.756281441970486,75.25460811050588
control_21,control,533,32.166666666666664,1143.3,91723.45,166.9670875420875,1.0488074086087087,20,9,1.2849671991878548,66,9,0.3333333333333333,172.38021382301278,0.3293551022150168,6.971629780858759,115.60591087948796,35.6041497650933
control_22,control,362,230.0,1430.1,88642.14761904761,87.69259259259259,3.858274114071344,16,5,0.9051361878257242,56,6,0.4148148148148148,244.4383850033069,0.7246452918642482,3.142937285786644,67.30726015976009,58.462723750525214
control_23,control,362,186.4,884.4166666666666,68615.89019607843,87.64172839506175,2.8542443864413904,18,5,0.900939352710561,51,8,0.3777777777777777,189.2189270152506,0.6650764877212016,2.735258554611349,63.37386762557334,48.34313334669731
control_24,control,364,269.6083333333333,2644.8166666666666,128003.30909090908,164.3116049382716,2.812348497697228,21,4,1.077213316436523,59,10,0.437037037037037,351.1279287668351,0.8595763825190375,4.919955317147078,49.30665395603671,81.80008564767917
control_25,control,364,251.13333333333333,1102.8833333333334,107393.18333333332,113.3904938271605,3.5463285166460485,8,4,0.9115658286625942,55,10,0.4074074074074074,293.9682233796297,0.7084995996356895,1.581032567004975,85.69185480954712,97.49631137232836
control_26,control,557,15.95,1532.6,129024.75,85.7523349436393,3.707488106460524,14,4,1.2979903246631763,70,10,0.3381642512077294,230.8784558675524,0.8116277866371471,3.320792075937888,43.49108574956861,32.61706373512597
control_27,control,342,275.1916666666666,1200.5,107409.41166666668,174.54153439153436,2.2656492683528184,22,3,0.856514534620529,68,13,0.5396825396825397,313.17747949735457,0.6314919922767547,2.864834476873334,115.40840903335764,140.105671038342
control_28,control,409,280.6666666666667,1288.6166666666666,120026.14642857145,144.08235294117645,2.656400370508011,15,2,0.7062595499010359,76,17,0.4967320261437908,293.441690171439,0.5955381176064675,3.038378241479116,118.68597837948,64.9709045998202
control_29,control,408,204.925,1290.75,96986.28205128205,90.05196078431372,3.62354335955416,14,4,1.0092707565032062,57,8,0.3725490196078431,237.71147561588745,0.7297159396902468,2.3677624591174222,64.24962281168493,65.20983795766448
control_3,control,1091,0.0,1083.5833333333333,83951.2,25.935330073349636,4.146544828753149,16,5,2.135226257312286,290,14,0.7090464547677262,76.86210681696191,0.8133776115162461,2.682827387962448,14.344189958074857,17.417243895316616
control_30,control,362,181.01666666666665,1312.9666666666667,79351.81410256411,62.35641975308642,5.011244228800058,16,2,0.996760421620593,68,9,0.5037037037037037,218.58612179487184,0.8086658372484153,2.1481573659107163,41.82299260273771,64.12456427935639
control_31,control,857,0.0,3160.75,126323.18505747127,52.56418988648091,3.895538533761828,20,5,2.0407017306134767,195,13,0.6037151702786377,147.54630490558296,0.8387041484736161,4.317406150738783,23.798606889317483,51.32774069677614
control_32,control,861,0.0,886.2833333333333,58720.37368421052,44.10108359133127,1.874526080795455,15,6,2.089151138449553,194,11,0.6006191950464397,68.15473199781864,0.5956630702565463,5.367032058160195,27.55747508348591,17.124905926446445
control_4,control,525,22.08333333333333,1150.4333333333334,72464.03333333334,60.4246632996633,3.061914250099095,15,3,1.4450482403760012,63,12,0.3181818181818182,138.70583964646465,0.9215636082833728,3.69337997417686,10.87958557189377,46.28675876028506
control_5,control,786,4.074999999999999,984.9666666666668,105176.05303030304,38.125757575757575,5.034072245686144,9,1,1.7176722937577336,150,19,0.5050505050505051,134.4002727918389,0.7631702283558564,1.5082241280236666,31.829985914201814,37.54885096037565
control_6,control,860,6.308333333333334,1658.2666666666669,130949.41156462584,76.96207430340557,2.567001411634892,12,5,1.7711768922114668,68,9,0.2105263157894736,152.471989244772,0.6603373022132599,3.7855700432461816,51.78904720379008,33.565395783306215
control_7,control,859,5.65,4007.366666666667,139817.56666666668,93.59179566563466,2.184530536229592,23,6,2.0834475528233347,123,8,0.3808049535603715,162.90441798941802,0.612286492569047,4.136696449256501,63.160243274675295,46.23551369068156
control_8,control,482,170.27499999999998,1487.6833333333334,140005.7155172414,153.21472222222218,2.42976031273057,12,3,1.066414875176302,39,3,0.2166666666666666,290.1065321109288,0.5532816647372502,2.6800779173254483,129.59590707344358,76.64274535514268
control_9,control,484,31.291666666666664,1479.6333333333334,51913.7591954023,32.872314814814814,4.602811665684499,15,4,1.42845493918407,54,11,0.3,107.08168325807335,0.8517036405329669,3.375363037868912,15.879823792774232,20.873165207966217
