feature,condition_n,control_n,condition_mean,control_mean,condition_median,control_median,shapiro_condition_p,shapiro_control_p,mann_whitney_u,p_value,cohens_d,rank_biserial,fdr_p_value,significant_fdr,effect_size_notable
hourly_records,23,32,400.60869565217394,531.75,362.0,471.5,1.546271424379237e-06,3.471639546639351e-05,159.5,0.0003833310435398073,-0.7821077626504476,-0.5665760869565217,0.005130813246544964,True,True
mean_activity,23,32,163.54557131906714,208.50630202712466,156.94220657276998,197.64391686752543,0.36706730196602266,0.6272915565571601,250.0,0.04497233036493913,-0.5758891729529495,-0.32065217391304346,0.10493543751819132,False,True
median_activity,23,32,95.88405797101449,123.97265625,79.1,101.49166666666667,0.1636692297753733,0.0019446925289997306,344.0,0.6884116068066576,-0.29745860447598615,-0.06521739130434778,0.7413663457917851,False,True
activity_std,23,32,191.14539095879093,242.7923019800229,187.1928635616648,225.7417454631007,0.8828552810346855,0.236470407051799,231.0,0.01985313859813434,-0.7206539706455166,-0.3722826086956522,0.06948598509347019,False,True
activity_min,23,32,0.377536231884058,0.39843750000000006,0.0,0.0,2.8807159213340326e-09,1.114472461423472e-10,324.5,0.25475157519193914,-0.016522227353017786,-0.11820652173913049,0.3356487326589901,False,False
activity_max,23,32,1150.0565217391302,1469.7875,1059.3166666666666,1289.6833333333334,0.3597907877370947,6.231796142873491e-06,249.0,0.043178804247494096,-0.5276988606860522,-0.32336956521739135,0.10493543751819132,False,True
total_activity,23,32,65257.90523789487,100156.6305109509,59486.37435897436,98039.4695970696,0.01505037236568853,0.026799774862847237,160.0,0.00039923141118818165,-1.1240830615097457,-0.5652173913043479,0.005130813246544964,True,True
daytime_mean_activity,23,32,222.79584891715524,280.87504807155295,228.53507575757575,266.097956393092,0.4373601844239139,0.5555452945522563,273.0,0.10686142466553351,-0.5348886233542093,-0.25815217391304346,0.18700749316468365,False,True
nighttime_mean_activity,23,32,63.84496239302134,86.40468974001357,61.023086419753085,86.69703166935052,0.6545792574215404,0.06597118253887006,262.0,0.07183599637198415,-0.5948793533783016,-0.2880434782608695,0.13409385989437042,False,True
day_night_ratio,23,32,3.990841720506925,3.5937689419445795,3.5383918019722063,3.584935938100104,0.1300553633705327,0.00040735670096813455,395.0,0.6511451449910471,0.24261625887750113,0.07336956521739135,0.7292825623899728,False,True
most_active_hour,23,32,13.434782608695652,15.28125,14.0,15.0,0.12182475209959664,0.04444819085713088,241.5,0.028401292652739225,-0.6010935458024124,-0.34375,0.07952361942766983,False,True
least_active_hour,23,32,6.3478260869565215,3.65625,5.0,4.0,1.1985792694661596e-06,0.020882017899417977,529.5,0.005118076779165862,0.7270191902692401,0.43885869565217384,0.029395821104540053,True,True
activity_cv,23,32,1.188171676807118,1.2851313800444975,1.1623127691778108,1.1155772342422838,0.5658987356517181,0.0011123402889201045,358.0,0.8712276079823942,-0.27964924982000644,-0.02717391304347827,0.8712276079823942,False,True
estimated_sleep_hours,23,32,48.26086956521739,78.5,48.0,56.5,0.8332533396105941,2.3221884504925999e-07,204.0,0.005249253768667867,-0.6957382326786423,-0.44565217391304346,0.029395821104540053,True,True
estimated_wake_hours,23,32,352.3478260869565,453.25,319.0,424.0,3.966198537075815e-06,0.00048710034493528197,211.5,0.007764781584616247,-0.7424189696022586,-0.4252717391304348,0.031059126338464988,True,True
estimated_sleep_periods,23,32,7.869565217391305,8.96875,8.0,9.0,0.6143185499458241,0.633790354831649,321.0,0.42562380799594923,-0.2653314929334664,-0.12771739130434778,0.5181507227776774,False,True
mean_night_activity,23,32,63.84496239302134,86.40468974001357,61.023086419753085,86.69703166935052,0.6545792574215404,0.06597118253887006,262.0,0.07183599637198415,-0.5948793533783016,-0.2880434782608695,0.13409385989437042,False,True
sleep_activity_threshold,23,32,9.116666666666667,8.9025,8.593333333333334,3.0,0.26384797360838363,3.731302703769092e-09,450.0,0.1630000240288907,0.016443914480210646,0.22282608695652173,0.2684706278122906,False,False
sleep_regularity,23,32,0.3281201773559761,0.3797163475405555,0.3259259259259259,0.36775599128540304,0.9561094131629577,0.11426909387857198,290.5,0.1888381561749608,-0.47502101899296817,-0.21059782608695654,0.2782878090999422,False,True
mesor,23,32,162.89849427723115,207.9589088218894,158.46923941798948,197.40738095986265,0.3976498666631313,0.6538562785287034,252.0,0.04874824547029157,-0.5796391850928181,-0.3152173913043478,0.1049962210129357,False,True
amplitude,23,32,141.13977298250742,154.19541407620005,146.1725504970535,152.39673362044056,0.8495871526867906,0.36582252012549077,337.0,0.6027678978818181,-0.19565830884754737,-0.0842391304347826,0.7032292141954545,False,False
relative_amplitude,23,32,0.8500595643858283,0.744241989354107,0.8602445932727187,0.7649952797861901,0.18859333195911204,0.03187615607395653,528.0,0.006497400197416725,0.6794953318993806,0.4347826086956521,0.03032120092127805,True,True
acrophase_hours,23,32,15.054921284617416,14.97027562703563,15.055406984991862,14.800046515742341,0.0018949262153088275,0.023883883091929223,434.0,0.26372400423206366,0.05138037203455265,0.17934782608695654,0.3356487326589901,False,False
trough_hours,23,32,5.141877806356546,2.9702756270356305,3.242198570061668,2.8000465157423413,1.1108898530263665e-07,0.023883883091930305,498.0,0.027128055127572465,0.6046615341560521,0.3532608695652173,0.07952361942766983,False,True
fitted_max,23,32,304.03826725973863,362.1543228980895,305.9777360440124,339.1322202310727,0.4569737339488007,0.504862299629847,301.0,0.25650290687625366,-0.41039979595935366,-0.18206521739130432,0.3356487326589901,False,True
fitted_min,23,32,21.75872129472374,53.76349474568937,14.973606485064051,50.5478505799134,0.49018154250054974,0.028633723592695354,165.0,0.0005497299907012461,-1.0446592997503912,-0.5516304347826086,0.005130813246544964,True,True
r_squared,23,32,0.7867640232178152,0.7910438923887934,0.8474378340532869,0.79319119218346,0.05074467043949323,0.03465832370849145,378.0,0.8712276079823942,-0.03867014385428085,0.02717391304347827,0.8712276079823942,False,False
rmse,23,32,44.13133695360938,54.32037094764912,46.00023502702702,48.242988558663974,0.9702510554676647,0.04391066105464165,290.0,0.1860384706503192,-0.4456883776714154,-0.2119565217391305,0.2782878090999422,False,True
