file,label,rows,columns,timestamp_column,activity_column,missing_values,duplicate_rows,start_time,end_time,duration_days,median_interval_seconds
condition_1.csv,condition,23244,3,timestamp,activity,0,0,2003-05-07 12:00:00,2003-05-23 15:23:00,16.14097222222222,60.0
condition_10.csv,condition,21555,3,timestamp,activity,0,0,2004-08-31 09:00:00,2004-09-15 08:14:00,14.968055555555555,60.0
condition_11.csv,condition,22990,3,timestamp,activity,0,0,2004-09-28 09:30:00,2004-10-14 08:39:00,15.964583333333334,60.0
condition_12.csv,condition,22147,3,timestamp,activity,0,0,2005-03-08 10:00:00,2005-03-23 19:06:00,15.379166666666666,60.0
condition_13.csv,condition,25910,3,timestamp,activity,0,0,2005-08-11 09:00:00,2005-08-29 08:49:00,17.992361111111112,60.0
condition_14.csv,condition,21646,3,timestamp,activity,0,0,2005-08-18 10:30:00,2005-09-02 11:15:00,15.03125,60.0
condition_15.csv,condition,21829,3,timestamp,activity,0,0,2005-08-30 10:00:00,2005-09-14 13:48:00,15.158333333333333,60.0
condition_16.csv,condition,41847,3,timestamp,activity,0,0,2005-09-22 10:00:00,2005-10-21 11:26:00,29.059722222222224,60.0
condition_17.csv,condition,21531,3,timestamp,activity,0,0,2005-11-08 09:30:00,2005-11-23 08:20:00,14.95138888888889,60.0
condition_18.csv,condition,21347,3,timestamp,activity,0,0,2005-11-08 12:30:00,2005-11-23 08:16:00,14.823611111111111,60.0
condition_19.csv,condition,21231,3,timestamp,activity,0,0,2002-08-29 14:30:00,2002-09-13 08:20:00,14.743055555555555,60.0
condition_2.csv,condition,38926,3,timestamp,activity,0,0,2003-05-07 15:00:00,2003-06-03 15:45:00,27.03125,60.0
condition_20.csv,condition,25847,3,timestamp,activity,0,0,2002-05-24 11:30:00,2002-06-11 10:16:00,17.948611111111113,60.0
condition_21.csv,condition,20487,3,timestamp,activity,0,0,2002-06-13 13:35:00,2002-06-27 19:01:00,14.22638888888889,60.0
condition_22.csv,condition,21772,3,timestamp,activity,0,0,2002-11-05 10:45:00,2002-11-20 13:36:00,15.11875,60.0
condition_23.csv,condition,31485,3,timestamp,activity,0,0,2002-06-06 13:00:00,2002-06-28 09:44:00,21.863888888888887,60.0
condition_3.csv,condition,21648,3,timestamp,activity,0,0,2003-05-19 15:00:00,2003-06-03 15:47:00,15.032638888888888,60.0
condition_4.csv,condition,21556,3,timestamp,activity,0,0,2003-06-03 11:59:00,2003-06-18 11:14:00,14.96875,60.0
condition_5.csv,condition,21493,3,timestamp,activity,0,0,2003-06-12 10:30:00,2003-06-27 08:42:00,14.925,60.0
condition_6.csv,condition,21433,3,timestamp,activity,0,0,2003-08-19 12:00:00,2003-09-03 09:12:00,14.883333333333333,60.0
condition_7.csv,condition,22175,3,timestamp,activity,0,0,2004-05-04 10:00:00,2004-05-19 19:34:00,15.39861111111111,60.0
condition_8.csv,condition,19299,3,timestamp,activity,0,0,2004-05-06 10:00:00,2004-05-19 19:38:00,13.401388888888889,60.0
condition_9.csv,condition,20318,3,timestamp,activity,0,0,2004-05-27 12:30:00,2004-06-10 15:07:00,14.109027777777778,60.0
control_1.csv,control,51611,3,timestamp,activity,0,0,2003-03-18 15:00:00,2003-04-23 12:10:00,35.88194444444444,60.0
control_10.csv,control,21655,3,timestamp,activity,0,0,2003-11-18 09:00:00,2003-12-03 09:54:00,15.0375,60.0
control_11.csv,control,24772,3,timestamp,activity,0,0,2003-11-25 09:00:00,2003-12-12 13:51:00,17.202083333333334,60.0
control_12.csv,control,34637,3,timestamp,activity,0,0,2003-11-25 09:00:00,2003-12-19 10:16:00,24.052777777777777,60.0
control_13.csv,control,22257,3,timestamp,activity,0,0,2003-11-25 09:00:00,2003-12-10 19:56:00,15.455555555555556,60.0
control_14.csv,control,22259,3,timestamp,activity,0,0,2003-11-25 09:00:00,2003-12-10 19:58:00,15.456944444444444,60.0
control_15.csv,control,22263,3,timestamp,activity,0,0,2003-11-25 09:00:00,2003-12-10 20:02:00,15.459722222222222,60.0
control_16.csv,control,24553,3,timestamp,activity,0,0,2003-12-02 09:00:00,2003-12-19 10:12:00,17.05,60.0
control_17.csv,control,28905,3,timestamp,activity,0,0,2003-12-09 09:00:00,2003-12-29 10:44:00,20.072222222222223,60.0
control_18.csv,control,24614,3,timestamp,activity,0,0,2004-01-09 09:00:00,2004-01-26 11:13:00,17.09236111111111,60.0
control_19.csv,control,27609,3,timestamp,activity,0,0,2004-01-09 09:00:00,2004-01-28 13:08:00,19.17222222222222,60.0
control_2.csv,control,31473,3,timestamp,activity,0,0,2002-10-02 15:00:00,2002-10-24 11:32:00,21.855555555555554,60.0
control_20.csv,control,31891,3,timestamp,activity,0,0,2004-01-27 09:00:00,2004-02-18 12:30:00,22.145833333333332,60.0
control_21.csv,control,31936,3,timestamp,activity,0,0,2004-01-27 09:00:00,2004-02-18 13:15:00,22.177083333333332,60.0
control_22.csv,control,21688,3,timestamp,activity,0,0,2004-02-17 09:00:00,2004-03-03 10:27:00,15.060416666666667,60.0
control_23.csv,control,21694,3,timestamp,activity,0,0,2004-02-17 09:00:00,2004-03-03 10:33:00,15.064583333333333,60.0
control_24.csv,control,21824,3,timestamp,activity,0,0,2004-02-24 09:00:00,2004-03-10 12:43:00,15.154861111111112,60.0
control_25.csv,control,21818,3,timestamp,activity,0,0,2004-02-24 09:00:00,2004-03-10 12:37:00,15.150694444444444,60.0
control_26.csv,control,33365,3,timestamp,activity,0,0,2004-02-24 09:00:00,2004-03-18 13:04:00,23.169444444444444,60.0
control_27.csv,control,20490,3,timestamp,activity,0,0,2005-11-07 08:10:00,2005-11-21 13:39:00,14.228472222222223,60.0
control_28.csv,control,24536,3,timestamp,activity,0,0,2006-01-20 10:00:00,2006-02-06 10:55:00,17.038194444444443,60.0
control_29.csv,control,24433,3,timestamp,activity,0,0,2006-01-06 10:00:00,2006-01-23 09:12:00,16.966666666666665,60.0
control_3.csv,control,65407,3,timestamp,activity,0,0,2002-11-06 15:00:00,2002-12-22 01:06:00,45.420833333333334,60.0
control_30.csv,control,21669,3,timestamp,activity,0,0,2006-01-30 12:30:00,2006-02-14 13:38:00,15.047222222222222,60.0
control_31.csv,control,51389,3,timestamp,activity,0,0,2003-03-18 15:00:00,2003-04-23 08:28:00,35.727777777777774,60.0
control_32.csv,control,51619,3,timestamp,activity,0,0,2003-03-18 15:00:00,2003-04-23 12:18:00,35.8875,60.0
control_4.csv,control,31455,3,timestamp,activity,0,0,2002-10-27 15:00:00,2002-11-18 11:14:00,21.843055555555555,60.0
control_5.csv,control,47133,3,timestamp,activity,0,0,2003-02-05 15:00:00,2003-03-10 08:32:00,32.730555555555554,60.0
control_6.csv,control,51589,3,timestamp,activity,0,0,2003-03-18 15:00:00,2003-04-23 11:48:00,35.86666666666667,60.0
control_7.csv,control,51490,3,timestamp,activity,0,0,2003-03-18 15:00:00,2003-04-23 10:09:00,35.797916666666666,60.0
control_8.csv,control,28918,3,timestamp,activity,0,0,2003-11-04 09:00:00,2003-11-24 10:57:00,20.08125,60.0
control_9.csv,control,29038,3,timestamp,activity,0,0,2003-11-11 09:00:00,2003-12-01 12:57:00,20.164583333333333,60.0
