subject_id,label,hourly_records,mean_activity,median_activity,activity_std,activity_min,activity_max,total_activity,daytime_mean_activity,nighttime_mean_activity,day_night_ratio,most_active_hour,least_active_hour,activity_cv
condition_1,condition,388,146.84372852233676,79.1,198.57148966215644,0.0,1775.4,56975.36666666667,218.38995901639345,25.61261574074074,8.526655817859758,13,3,1.3522640133177444
condition_10,condition,360,289.1708796296296,261.43333333333334,271.46795033276885,0.0,1184.5333333333333,104101.51666666666,426.0595555555555,61.023086419753085,6.98194045159998,18,3,0.9387803871553917
condition_11,condition,384,129.16727430555554,50.81666666666666,166.63136276980273,0.0,950.25,49600.23333333332,161.2184027777778,75.74872685185184,2.1283315176119886,15,8,1.2900431914017392
condition_12,condition,370,151.09147361647362,81.73333333333333,171.84752936168186,0.0,1059.3166666666666,55903.84523809524,205.41565349544078,56.527160493827154,3.633928393022191,14,4,1.1373741035704956
condition_13,condition,432,221.27753086419756,178.98333333333335,214.89641713706894,0.0,906.4833333333332,95591.89333333334,293.31034567901236,101.22283950617283,2.897669608064349,10,4,0.9711623963707149
condition_14,condition,362,75.06148710865561,42.59166666666667,92.99665411416508,0.0,719.4166666666666,27172.25833333333,81.1724302496329,64.78604938271604,1.252930700714844,11,22,1.2389396706136042
condition_15,condition,364,109.48111217014278,52.458333333333336,142.29702737919484,0.0,1099.25,39851.12482993197,146.51895850043076,46.65395061728395,3.1405477255799576,14,5,1.2997404260750784
condition_16,condition,698,146.32726838586436,5.541666666666666,234.2244856546918,0.0,1501.8,102136.43333333332,215.93989321128907,29.772796934865895,7.252926007714422,11,2,1.600689251145199
condition_17,condition,360,85.66363756613757,69.05000000000001,89.98641012552051,0.0,1046.0166666666669,30838.909523809525,109.21100529100529,46.41802469135803,2.3527714937714244,15,4,1.0504621643698646
condition_18,condition,357,70.90073323447027,64.66666666666667,59.985652703934754,0.0,389.28333333333336,25311.561764705883,70.56739533651299,71.44888888888887,0.9876625995717483,15,10,0.8460512320170357
condition_19,condition,355,156.94220657276998,116.71666666666668,169.24654213536624,0.0,828.7666666666667,55714.48333333334,228.53507575757578,40.272345679012346,5.674739623539615,14,2,1.0784004241516196
condition_2,condition,649,153.61448828744335,22.216666666666665,243.4498034893949,4.05,2095.983333333333,99695.80289855073,211.8374045120297,56.33669410150891,3.7602029705601043,9,23,1.5848101712505902
condition_20,condition,432,54.75612518155411,16.875,74.53951279113244,0.0,484.6,23654.646078431375,76.87140522875818,17.89732510288066,4.295133758082394,11,5,1.3612999923567057
condition_21,condition,343,79.18456754130223,26.4,112.97834635032424,0.0,875.6333333333333,27160.306666666664,114.35325652841782,18.616269841269837,6.142651428209941,10,5,1.4267722847813165
condition_22,condition,364,161.49404390654394,144.925,143.14934613391722,0.0,652.1166666666667,58783.83198198199,231.18230850938272,43.282098765432096,5.3412915524794276,10,6,0.8864063507924619
condition_23,condition,525,202.60439153439154,48.78333333333333,245.22763264093456,0.0,1136.85,106367.30555555556,267.2932891607203,95.76969696969698,2.7910006778584258,16,7,1.2103766891909045
condition_3,condition,361,265.1688019390582,189.78333333333333,272.05738591554814,4.633333333333334,1401.0333333333333,95725.9375,354.6000921828909,115.4541975308642,3.0713486366582394,15,4,1.0259781087598423
condition_4,condition,361,274.93670360110804,182.46666666666667,319.56244131122287,0.0,1725.1166666666666,99252.15000000001,361.64933628318585,129.7733333333333,2.7867769671467113,15,5,1.1623127691778108
condition_5,condition,359,166.9053885685906,113.03333333333332,187.1928635616648,0.0,1210.5333333333333,59919.03449612403,229.16838316722036,63.59493827160493,3.603563261410441,13,5,1.1215507490025522
condition_6,condition,358,196.09873585446212,148.13333333333333,196.15775766662728,0.0,943.8333333333334,70203.34743589743,283.2174025526043,52.1916049382716,5.426493454025279,15,5,1.0003009800746954
condition_7,condition,370,261.51952380952383,87.925,354.10048197423305,0.0,1576.4666666666667,96762.22380952381,354.24194528875375,100.11382716049383,3.5383918019722063,19,4,1.3540116501288064
condition_8,condition,322,184.74029304029304,77.375,267.3327655051593,0.0,2172.95,59486.37435897436,245.21800500312693,78.7750712250712,3.1128883946357266,15,5,1.447073408327074
condition_9,condition,340,178.59774509803918,144.325,168.44413333568048,0.0,715.6666666666666,60723.23333333332,238.33302180685357,77.14259259259258,3.089512729570083,11,5,0.943148152532469
control_1,control,861,98.454193502974,3.0,192.79436560749716,0.0,1775.2,84769.06060606061,131.57827250197138,43.281578947368416,3.0400525050616607,17,2,1.9582138530409416
control_10,control,361,280.34724670527993,187.78333333333333,291.48258665248756,0.0,1136.65,101205.35606060606,392.76064628586755,92.1588888888889,4.261777144030006,12,3,1.0397198120476419
control_11,control,413,162.93902961445332,102.06666666666666,188.02205154689278,0.0,1307.2333333333331,67293.81923076922,218.6343047337278,68.29346405228758,3.201394273489109,15,3,1.153941152048045
control_12,control,578,93.22885880995996,8.825,139.49696697853489,0.0,715.8,53886.280392156856,131.16675062290108,29.647762345679013,4.424170333449056,12,2,1.4962852571529273
control_13,control,371,168.25476663356503,100.91666666666669,176.1254687523328,0.0,866.3666666666667,62422.51842105263,234.46907523044902,52.50234567901234,4.465878089789373,15,3,1.0467784793040011
control_14,control,371,343.70682153897695,226.8,361.23162994419494,0.55,2044.9666666666667,127515.23079096046,464.4598056114143,132.61271604938273,3.502377595814095,13,4,1.050987665379317
control_15,control,372,277.84059139784944,257.93333333333334,261.80963416167657,0.0,1218.2,103356.7,383.59472573839656,92.18333333333334,4.161215610975193,15,1,0.9423016012328538
control_16,control,410,205.74117573483423,187.575,200.56848012064216,0.0,1251.0166666666669,84353.88205128204,282.0450014965579,77.57069716775598,3.635973528594201,15,3,0.9748582382903324
control_17,control,482,176.68122406639006,75.69166666666666,212.06103286938622,0.0,1052.85,85160.35,247.01043046357614,58.68444444444445,4.20912957091068,15,3,1.2002465683037253
control_18,control,411,241.10135557872786,201.7333333333333,254.48597372166887,0.0,1439.75,99092.65714285715,318.35047988187523,110.83812636165578,2.872210947008645,13,4,1.0555144873027082
control_19,control,461,169.1218245360328,79.11666666666666,204.51912295126212,0.0,1017.65,77965.16111111111,216.83980842911876,88.19658869395711,2.458596320335639,15,4,1.2093005944817468
control_2,control,525,398.6022049062049,350.3,376.35419506604956,0.0,1660.4,209266.1575757576,563.1646510981374,126.82483164983165,4.440492005958716,16,4,0.9441849303232265
control_20,control,532,229.7506023122322,18.641666666666666,305.09963982450887,0.0,1817.2,122227.32043010753,343.6749114673878,37.57525252525252,9.146310094294654,15,1,1.3279601304804285
control_21,control,533,172.0890243902439,32.166666666666664,221.12875168170214,0.0,1143.3,91723.45,175.1163184079602,166.9670875420875,1.0488074086087087,20,9,1.2849671991878548
control_22,control,362,244.86781110234148,230.0,221.63871706240292,6.633333333333334,1430.1,88642.14761904761,338.34205999580445,87.69259259259259,3.8582741140713437,16,5,0.9051361878257242
control_23,control,362,189.54665800021664,186.4,170.77004336716527,0.0,884.4166666666666,68615.89019607843,250.150911289626,87.64172839506175,2.8542443864413904,18,5,0.900939352710561
control_24,control,364,351.65744255744255,269.60833333333335,378.8100799468888,0.1333333333333333,2644.8166666666666,128003.30909090908,462.1014953023686,164.3116049382716,2.812348497697228,21,4,1.077213316436523
control_25,control,364,295.03621794871793,251.13333333333333,268.9449344999008,0.0,1102.8833333333334,107393.18333333333,402.119941775837,113.3904938271605,3.5463285166460485,8,4,0.9115658286625942
control_26,control,557,231.64228007181327,15.95,300.66943831613133,0.0,1532.6,129024.75,317.9257619047619,85.7523349436393,3.707488106460524,14,4,1.2979903246631763
control_27,control,342,314.06260721247565,275.1916666666666,268.99918785830357,1.0166666666666666,1200.5,107409.41166666668,395.4498996913581,174.54153439153436,2.2656492683528184,22,3,0.856514534620529
control_28,control,409,293.4624607055536,280.6666666666667,207.2606654107547,1.6,1288.6166666666666,120026.14642857143,382.74041573660713,144.08235294117645,2.656400370508011,15,2,0.7062595499010359
control_29,control,408,237.71147561588737,204.925,239.91524082434012,0.0,1290.75,96986.28205128205,326.3071845148316,90.05196078431372,3.62354335955416,14,4,1.0092707565032062
control_3,control,1091,76.94885426214482,0.0,164.30321409062802,0.0,1083.5833333333333,83951.2,107.54200879765395,25.935330073349633,4.146544828753149,16,5,2.135226257312286
control_30,control,362,219.20390636067432,181.01666666666665,218.49377812494672,2.716666666666667,1312.9666666666667,79351.81410256411,312.4832486162882,62.35641975308642,5.011244228800058,16,2,0.996760421620593
control_31,control,857,147.40161616974478,0.0,300.80273321282164,0.0,3160.75,126323.18505747127,204.76582719876015,52.56418988648091,3.895538533761828,20,5,2.0407017306134767
control_32,control,861,68.20020172382175,0.0,142.48052907381137,0.0,886.2833333333333,58720.37368421052,82.66863138329094,44.10108359133127,1.874526080795455,15,6,2.089151138449553
control_4,control,525,138.02673015873017,22.08333333333333,199.45528354072619,0.0,1150.4333333333334,72464.03333333334,185.01513761467888,60.4246632996633,3.061914250099095,15,3,1.4450482403760012
control_5,control,786,133.81177230318454,4.074999999999999,229.84477386379854,0.0,984.9666666666668,105176.05303030304,191.92781805787945,38.125757575757575,5.0340722456861435,9,1,1.7176722937577336
control_6,control,860,152.26675763328586,6.308333333333334,269.6913625720399,0.0,1658.2666666666669,130949.41156462584,197.56175337919152,76.96207430340557,2.5670014116348914,12,5,1.7711768922114668
control_7,control,859,162.7678308110206,5.65,339.11823878158344,0.0,4007.366666666667,139817.56666666668,204.45413557213928,93.59179566563466,2.184530536229592,23,6,2.0834475528233347
control_8,control,482,290.46828945485765,170.27499999999998,309.759704641676,0.0,1487.6833333333334,140005.7155172414,372.2750513815939,153.21472222222218,2.42976031273057,12,3,1.066414875176302
control_9,control,484,107.25983304835187,31.291666666666664,153.21583829397696,0.1,1479.6333333333334,51913.7591954023,151.305074107683,32.872314814814814,4.602811665684499,15,4,1.42845493918407
