label,hour,mean,median,std,count
condition,0,85.81566317626528,41.70833333333333,117.13254071189775,382
condition,1,46.74524432809773,12.858333333333334,81.74430098534458,382
condition,2,36.157722513089006,10.608333333333334,68.41490283875764,382
condition,3,29.225043630017453,10.033333333333335,50.819341529900306,382
condition,4,24.258289703315878,9.8,43.225117699764446,382
condition,5,25.286867364746946,9.8,50.37791222756977,382
condition,6,49.18167539267015,10.649999999999999,104.06794061754704,382
condition,7,85.44498254799302,19.05833333333333,152.91660168964458,382
condition,8,125.5481652302952,30.35,182.24754963228668,382
condition,9,169.1666745596825,102.61666666666666,220.5576136248966,379
condition,10,233.91397249809015,150.41666666666666,257.94168093774925,385
condition,11,247.77195595854923,204.60833333333332,240.69222806085529,386
condition,12,263.4957795004307,225.78333333333333,237.35321145902628,387
condition,13,290.56802950791933,217.4,270.45248610485436,389
condition,14,282.88406357388317,217.13333333333333,268.436522409844,388
condition,15,287.54305230397625,193.80833333333334,280.0444245112715,390
condition,16,245.0501727115717,179.31666666666666,241.01520891092548,386
condition,17,241.54006908462864,185.23333333333332,247.9804703025653,386
condition,18,245.37150259067357,192.0,249.5126532019292,386
condition,19,214.75961158875666,155.24166666666667,228.49120416184576,386
condition,20,205.5943717277487,159.94166666666666,207.32929204369285,382
condition,21,192.9024432809773,119.99166666666667,235.6729836942677,382
condition,22,153.62094240837695,111.76666666666668,166.7545685626804,382
condition,23,115.03983420593369,79.34166666666667,123.71676031364454,382
control,0,92.75421970768505,12.266666666666667,166.57098481974995,707
control,1,52.828618576143334,6.75,137.62090720363898,707
control,2,32.52080361388492,6.4,105.88761893992134,701
control,3,24.61406987724268,5.408333333333333,92.4857904295973,706
control,4,20.584631728045327,6.808333333333334,66.25725875370395,706
control,5,31.73045325779037,7.275,86.33883670611911,706
control,6,114.26836638338054,9.858333333333333,215.2994502913726,706
control,7,165.17129367327667,15.791666666666668,243.04381302610958,706
control,8,186.55027075121305,27.966666666666665,254.4044523780902,707
control,9,204.64844122268156,80.225,280.9175398036398,724
control,10,250.57886123993248,193.12499999999997,271.60929591370217,724
control,11,257.0044128723099,217.77499999999998,270.19618022677713,716
control,12,289.51707294065926,255.75,296.3828151979614,713
control,13,292.7442047776206,252.1,296.79043833213495,707
control,14,295.66766524013315,263.75,321.8666282877903,701
control,15,313.36399061032864,284.60833333333335,296.1364952342561,710
control,16,289.8681220657277,241.4083333333333,302.84150788187975,710
control,17,282.25063380281694,226.56666666666663,302.1365543604279,710
control,18,277.4057746478873,215.05833333333334,302.77497530775025,710
control,19,248.06793316245972,196.025,267.1150779857872,710
control,20,245.01572504708096,174.41666666666666,307.46594598608897,708
control,21,208.43543140028288,155.43333333333334,233.3656779178851,707
control,22,177.455186232909,120.56666666666666,209.00893475782692,707
control,23,160.4909948137671,62.71666666666667,215.3422936724927,707
