subject_id,label,estimated_sleep_hours,estimated_wake_hours,estimated_sleep_periods,mean_night_activity,sleep_activity_threshold,sleep_regularity
condition_1,condition,57,331,9,25.61261574074074,7.073333333333333,0.3958333333333333
condition_10,condition,62,298,8,61.023086419753085,18.423333333333332,0.45925925925925926
condition_11,condition,34,350,8,75.74872685185184,4.153333333333334,0.2361111111111111
condition_12,condition,40,330,5,56.527160493827154,5.453333333333333,0.2962962962962963
condition_13,condition,48,384,1,101.22283950617283,9.193333333333333,0.2962962962962963
condition_14,condition,47,315,10,64.78604938271604,2.5433333333333334,0.34814814814814815
condition_15,condition,42,322,9,46.65395061728395,8.593333333333334,0.3111111111111111
condition_16,condition,82,616,16,29.772796934865895,0.0,0.31417624521072796
condition_17,condition,48,312,9,46.41802469135803,7.73,0.35555555555555557
condition_18,condition,19,338,8,71.44888888888887,18.59,0.14074074074074075
condition_19,condition,58,297,7,40.272345679012346,10.790000000000001,0.42962962962962964
condition_2,condition,58,591,14,56.33669410150891,9.0,0.23868312757201646
condition_20,condition,54,378,1,17.89732510288066,0.0,0.3333333333333333
condition_21,condition,52,291,5,18.616269841269837,4.886666666666667,0.4126984126984127
condition_22,condition,65,299,10,43.282098765432096,16.063333333333336,0.48148148148148145
condition_23,condition,48,477,7,95.76969696969698,1.8300000000000012,0.24242424242424243
condition_3,condition,42,319,8,115.4541975308642,17.8,0.3111111111111111
condition_4,condition,44,317,9,129.7733333333333,6.5,0.32592592592592595
condition_5,condition,44,315,12,63.59493827160493,11.37666666666667,0.32592592592592595
condition_6,condition,56,302,7,52.1916049382716,10.24,0.4148148148148148
condition_7,condition,29,341,4,100.11382716049383,10.306666666666667,0.21481481481481482
condition_8,condition,32,290,3,78.7750712250712,7.773333333333333,0.27350427350427353
condition_9,condition,49,291,11,77.14259259259258,21.36333333333333,0.3888888888888889
control_1,control,101,760,16,43.281578947368416,0.0,0.3126934984520124
control_10,control,49,312,5,92.1588888888889,5.55,0.362962962962963
control_11,control,41,372,1,68.29346405228758,1.4566666666666672,0.2679738562091503
control_12,control,56,522,5,29.647762345679013,1.7066666666666672,0.25925925925925924
control_13,control,52,319,7,52.50234567901234,13.65,0.3851851851851852
control_14,control,47,324,9,132.61271604938273,20.816666666666663,0.34814814814814815
control_15,control,55,317,7,92.18333333333334,11.530000000000001,0.4074074074074074
control_16,control,44,366,3,77.57069716775598,9.486666666666675,0.2875816993464052
control_17,control,52,430,6,58.68444444444445,0.0,0.28888888888888886
control_18,control,37,374,3,110.83812636165578,2.3666666666666667,0.24183006535947713
control_19,control,43,418,4,88.19658869395711,0.0,0.25146198830409355
control_2,control,91,434,16,126.82483164983165,10.983333333333334,0.4595959595959596
control_20,control,42,490,5,37.57525252525252,0.6800000000000005,0.21212121212121213
control_21,control,66,467,9,166.9670875420875,0.0,0.3333333333333333
control_22,control,56,306,6,87.69259259259259,18.6,0.4148148148148148
control_23,control,51,311,8,87.64172839506175,12.73,0.37777777777777777
control_24,control,59,305,10,164.3116049382716,11.306666666666668,0.43703703703703706
control_25,control,55,309,10,113.3904938271605,10.713333333333333,0.4074074074074074
control_26,control,70,487,10,85.7523349436393,0.0,0.33816425120772947
control_27,control,68,274,13,174.54153439153436,14.086666666666668,0.5396825396825397
control_28,control,76,333,17,144.08235294117645,90.04,0.49673202614379086
control_29,control,57,351,8,90.05196078431372,8.0,0.37254901960784315
control_3,control,290,801,14,25.935330073349633,0.0,0.7090464547677262
control_30,control,68,294,9,62.35641975308642,23.126666666666665,0.5037037037037037
control_31,control,195,662,13,52.56418988648091,0.0,0.6037151702786377
control_32,control,194,667,11,44.10108359133127,0.0,0.6006191950464397
control_4,control,63,462,12,60.4246632996633,3.0,0.3181818181818182
control_5,control,150,636,19,38.125757575757575,3.0,0.5050505050505051
control_6,control,68,792,9,76.96207430340557,3.0,0.21052631578947367
control_7,control,123,736,8,93.59179566563466,3.0,0.38080495356037153
control_8,control,39,443,3,153.21472222222218,0.05,0.21666666666666667
control_9,control,54,430,11,32.872314814814814,6.0,0.3
